PUBLISHER_ID,TYPE_OF_PUBLISHER,PUBLISHER_NAME,ADDRESS1,ADDRESS2,ADDRESS3,CITY,REGION,PROVINCE,POS_CODE,PHONE1,PHONE2,PHONE3,FAX,EMAIL,CONTACT_PERSON,CONTACT_NO,COLLECTION_PER_YEAR,NOTE,IS_ACTIVE,CREATE_DATE_x,CREATE_BY,UPDATE_DATE,CREATE_TERMINAL,UPDATE_BY,UPDATE_TERMINAL,PUBLISHER_GROUP_ID,PUBLISHER_ORG_ID,PUBLISHER_ISBN_ID,admin_phone,PUBLISHER_GROUP_NAME
139,Swasta,Anak Kita,"Jl. H. Montong No. 57 Ciganjur, Jagakarsa",,JAKARTA,Jakarta Selatan ,D.09,D.09-DKI Jakarta,12630,021-78883030,,,021-7270996,redaksi@anakkita.co.id; sekretarisredaksi@mediakitagroup.com,,,,,1,2015-04-13,,2020-12-04,,,,6.0,,112001440,(+62) 2178883030,Agromedia Pustaka
128,Swasta,Kawan Kita,"Jl. H. Montong No. 57 Ciganjur, Jagakarsa","Jl. H. Montong No.57 Ciganjur, Jagakarsa, Jakarta Selatan 12630",Jakarta,Jakarta Selatan ,D.09,D.09-DKI Jakarta,12630,021-78883030,,,021-7270996,redaksikawankita@gmail.com; sekretarisredaksi@kawanpustakagroup.com,,,,,1,2015-04-14,,2020-12-04,,,,6.0,,715000024,(+62) 217-88830-30,Agromedia Pustaka
131,Swasta,C-Media,"Jl. H. Montong No. 57 Ciganjur, Jagakarsa",,JAKARTA,Jakarta Selatan ,D.09,D.09-DKI Jakarta,12630,021-78883030,,,021-7270996,redaksi@penerbitcmedia.com; sekretarisredaksi@kawanpustakagroup.com,,,,,1,2015-04-23,,2020-12-04,,,,6.0,,613000130,217707129,Agromedia Pustaka
137,Swasta,Enter Media,"Jl. H. Montong No. 57 Ciganjur, Jagakarsa",Jl. H. Montong No.57 Ciganjur,Jakarta,Jakarta Selatan ,D.09,D.09-DKI Jakarta,12630,021-78883030,,,021-7270996,entermediabook@gmail.com; sekretarisredaksi@gagasmediagroup.com,,,,,1,2015-04-08,,2020-12-04,,,,6.0,,1016000015,(+62) 2178883030,Agromedia Pustaka
129,Swasta,Linguakata,"Jl. Jemur Andayani XXI/18, Surabaya","Jl. H. Montong No.57 Ciganjur, Jagakarsa, Jakarta Selatan 12630",Jakarta,Surabaya,D.13,D.13-Jawa Timur,12630,031-8420787,,,031-8473164,redaksi_linguakata@yahoo.com; sekretarisredaksi@kawanpustakagroup.com,,,,,1,2015-04-08,,2020-12-04,,,,6.0,,113000077,217707129,Agromedia Pustaka
106,Swasta,M&C!,"Gedung Kompas Gramedia Jl. Palmerah Barat 29 - 37 Jakarta Pusat, 10270",,JAKARTA,Jakarta,D.09,D.09-DKI Jakarta,10270,021-53650110,,,,redaksi@m-c.gramediapublishers.com,,,,,1,2015-05-06,,2020-12-04,,,,3.0,,313000169,(+62) 2153650110,Kompas Gramedia Grup
107,Swasta,Bumi Aksara,"Jln. Sawo Raya No. 18, Rawamangun, Jakarta",,JAKARTA,Jakarta Timur ,D.09,D.09-DKI Jakarta,13220,021-4700988,,,021-4700989,"info@bumiaksara.com , abdul.hamid@bumiaksara.com , editorial.ptu@bumiaksara.com",,,,,1,,,2021-07-01,,199608182019020992,192.168.0.20,4.0,,912000115,82113191195,Bumi Aksara
680,Swasta,Sinar Grafika,Jl. Sawo Raya No. 18 Rawamangun Jakarta Timur,,JAKARTA,Jakarta,D.09,D.09-DKI Jakarta,13220,,,,,"info@bumiaksara.co.id , editorial.ptu@bumiaksara.com",,,,,0,,,2021-07-01,,199608182019020992,192.168.0.20,4.0,1.0,1114000101,82113191195,Bumi Aksara
914,Swasta,Bumi Medika,Jl. Sawo Raya No. 18 Jakarta,,JAKARTA,,D.09,D.09-DKI Jakarta,13220,,,,,riza.dwianingtyas@bumiaksara.com,,,,,0,2015-04-13,,2020-12-04,,,,4.0,1.0,514000080,82113191195,Bumi Aksara
482,Swasta,Cerdas Interaktif,"Perumahan Bukit Permai, Jalan Kerinci Blok A2, No. 23-24 Cibubur",,JAKARTA,Jakarta Timur,D.09,D.09-DKI Jakarta,13720,021-29617008,021-29617009,021-29617010,021-8721570,ps@penebar-swadaya.net; ps.penebarswadaya@gmail.com,,,,,0,2015-04-01,,2020-12-04,,,,90.0,1.0,816000087,(+62) 2129617008,Penebar Swadaya
986,Swasta,Griya Kreasi,"Perum. Bukit Permai, Jl. Kerinci Blok A2 No.23-24 Jakarta Timur",,JAKARTA,Jakarta Timur,D.09,D.09-DKI Jakarta,10610,,,,,ps.penebarswadaya@gmail.com,,,,,0,2015-04-16,,2020-12-04,,,,90.0,1.0,816000086,(+62) 2129617008,Penebar Swadaya
1451,Swasta,Raih Asa Sukses,Bukit Permai Jl. Kerinci Blok A2 No. 23-24 Cibubur,,JAKARTA,Jakarta,D.09,D.09-DKI Jakarta,13720,021-2917008,,,,ps@penebar-swadaya.net; ps.penebarswadaya@gmail.com,,,,,0,2015-05-08,,2020-12-04,,,,90.0,1.0,816000088,(+62) 2129617008,Penebar Swadaya
759,Swasta,STMIK Nusa Mandiri Jakarta,BSI,Jl. Kramat Raya No.18,Jakarta,,D.09,D.09-DKI Jakarta,10420,,,,,,,,,,1,2015-04-09,,2020-12-04,,,,250.0,2.0,615000090,(021)78839421,STMIK Nusa Mandiri Jakarta
803,Swasta,Universitas Trilogi,"Jl. Kampus Trilogi/Stekpi No. 1 Kalibata, Jakarta, 12760",,JAKARTA,Jakarta,D.09,D.09-DKI Jakarta,12760,(021)7980011,,,(021) 7981352,info@universitas-trilogi.ac.id,,,,,1,2015-06-23,,2020-12-04,,,,275.0,2.0,1113000110,217980011,Universitas Trilogi
956,Swasta,Salemba Humanika,Jl. eRaya lenteng Agung No. 101 Jagakarsa,Jl. Raya Lenteng Agung No 101 Jagakarsa,Jakarta,Jakarta Selatan,D.09,D.09-DKI Jakarta,12610,(021)7818616,,,,info@penerbitsalemba.com,,,,,0,2015-04-14,,2020-12-04,,,,348.0,1.0,1113000048,(+62) 217818616,Salemba Humanika
888,Swasta,Mizan Media Baru,"Jl. Anggrek No. 7c, Kebagusan Raya, Jakarta Selatan, 12520","Jl. Anggrek rt007, rw07, no.7c, Kebagusan",Jakarta,Jakarta Selatan,D.09,D.09-DKI Jakarta,12520,021-78833318,,,021-78833318,cs@mizan.com,,,,,1,2015-04-15,,2020-12-04,,,,10.0,1.0,714000048,78833318,Mizan Pustaka
181,Swasta,Curhat Anak Bangsa,Jl. Cinambo Cisaranten Wetan Bandung 40294,Jl. Cinambo No. 137 Cisaranten Wetan,Bandung,Bandung,D.10,D.10-Jawa Barat,40294,022-7834317,,,022-7834316,,Rista Marsulaini,022-7834317,,,1,2016-11-15,,2020-12-04,,,,10.0,,113000068,(+62) 227834317,Mizan Pustaka
749,Swasta,Curhat Anak Bangsa,Cinambo (Cisaranten Wetan) No. 146 Ujungberung,Jl. Cinambo No. 137 Cisaranten Wetan,Bandung,Bandung,D.10,D.10-Jawa Barat,40294,022-7815500,,,022-7802288,mizanmu@bdg.centrin.net.id,,,,,0,2015-04-09,,,,,,10.0,1.0,113000068,(+62) 227834317,Mizan Pustaka
462,Swasta,Muffin Graphics,"Jln. Cinambo No. 146 Cisaranten Wetan, Ujungberung, Bandung 40294",,BANDUNG,Bandung,D.10,D.10-Jawa Barat,40294,022-7815500,,,022-7834244,redaksi@muffingraphics.com; info@muffingraphics.com,,,,,0,2015-03-31,,2020-12-04,,,,10.0,1.0,812000057,(+62) 227834317,Mizan Pustaka
687,Swasta,Pelangi Mizan,"Jln. Cinambo No. 137, Ujungberung, Bandung",,BANDUNG,Bandung,D.10,D.10-Jawa Barat,40294,62-22-7834166,,,62-22-7834316,pelangi@mizan.com,,,,,1,2015-04-08,,2020-12-04,,,,10.0,1.0,313000043,(+62) 227834310,Mizan Pustaka
857,Swasta,Pastel Books,"Jl. Cinambo No. 135 Cisaranten Wetan Ujungberung, Bandung",,BANDUNG,Bandung,D.10,D.10-Jawa Barat,40294,022-7834310,,,022-7834311,info@mizan.com,,,,,0,2015-04-14,,2020-12-04,,,,10.0,1.0,217000047,(+62) 22 - 7834310,Mizan Pustaka
858,Swasta,Pastel Books,"Jl. Cinambo No. 135 Cisaranten Wetan Ujungberung, Bandung",,BANDUNG,Bandung,D.10,D.10-Jawa Barat,40294,022-7834310,,,022-7834311,"info@mizan.com,http//www.mizan.com",,,,,0,2015-12-18,,,,,,10.0,1.0,217000047,(+62) 22 - 7834310,Mizan Pustaka
993,Swasta,Mizania,"Jl. Cinambo No. 135 (Cisaranten Wetan), Ujung Berung, Bandung 40294",,BANDUNG,Sleman,D.10,D.10-Jawa Barat,40294,,,,,mizania@mizan.com,,,,,1,2015-04-16,,2020-12-04,,,,10.0,1.0,312000128,(+62) 7834310,Mizan Pustaka
6856,Swasta,Mizania Kids,"Jln. Cinambo No. 135 (Cisaranten Wetan), Ujungberung",Cinambo 135 Cisaranten Wetan,Bandung,Bandung,D.10,D.10-Jawa Barat,40294,022 7834310,,,022 7834311,mizania@mizan.com,,,,,0,2017-04-18,,2020-12-04,,,,10.0,1.0,217000021,(+62) 7834310,Mizan Pustaka
985,Swasta,JAL Publishing, ,Jl. Mandar Salim Rt 4/2 no. 74 Kembangan ,Jakarta,,D.09,D.09-DKI Jakarta,11630,,,,,,,,,,0,2015-04-16,,2020-12-04,,,,361.0,1.0,112002309,6221 96965090 ,JAL Publishing
724,Pemerintah,Badan Pemeriksa Keuangan RI,Gedung BPK RI. Jl. Jend. Gatot Subroto Kav 31 Jakarta Pusat 10210,,JAKARTA,Jakarta Pusat,D.09,D.09-DKI Jakarta,10210, (021) 255 49000,,, (021) 57 95 02 88,warta.bpk@bpk.go.id,,,,,0,2015-04-09,,2020-12-04,,,,235.0,2.0,416000080,(+62) 81213326160,Badan Pemeriksa Keuangan Republik Indonesia
768,Swasta,Universitas Al Azhar Indonesia,Jalan Sisingamangaraja Kebayoran Baru Jakarta,Jl. Sisimangaraja Kebayoran Baru,Jakarta,Jakarta,D.09,D.09-DKI Jakarta,12110,(021) 72792753,,,(021) 7244767,lp2m@uai.ac.id,,,,,1,2017-04-18,,2020-12-04,,,,254.0,,512000026,6221 72792753,Universitas Al Azhar Indonesia
964,Pemerintah,Suku Dinas Kebudayaan Kota Administrasi Jakarta Selatan,,Jl. Prapanca Raya no. 9 lantai 16 Kebayoran Baru,Jakarta,,D.09,D.09-DKI Jakarta,,,,,,,,,,,0,2015-04-15,,2020-12-04,,,,354.0,2.0,215000021,6221 72792518,Suku Dinas Kebudayaan Kota Administrasi Jakarta Selatan
1006,Swasta,Immanuel,Jl Proklamasi No. 76 Jakarta,,JAKARTA,Jakarta,D.09,D.09-DKI Jakarta,10320,,,,,,,,,,0,2015-04-16,,2020-12-04,,,,368.0,1.0,412000214,(021)3900790,Immanuel
953,Swasta,Salemba Medika,"Jl. Raya Lenteng Agung No. 101 Jagakarsa, Jakarta Selatan",Jl. Raya Lenteng Agung No 101 Jagakarsa,Jakarta,Jakarta Selatan,D.09,D.09-DKI Jakarta,12610,,,,,info@penerbitsalemba.com,,,,,0,2015-04-14,,2020-12-04,,,,346.0,1.0,512000040,(+62) 217818616,Salemba Medika
1710,Pemerintah,Kementerian Pendidikan dan Kebudayaan,"Jalan Letjen Mt. Haryono Kav. 47-48, RT.3/RW.3, Cikoko, Pancoran, RT.4/RW.3, Cikoko, Pancoran, Kota Jakarta Selatan",Senayan-jakarta Pusat,Jakarta,Jakarta,D.09,D.09-DKI Jakarta,10013,,,,,,,,,,0,2015-06-23,,2020-12-04,,,,565.0,,612000084,(+62) 215725061,Kementerian Pendidikan dan Kebudayaan
1951,Swasta,Yayasan Wakaf Paramadina,Universitas Paramadina Jl. Jend. Gatot Subroto,,JAKARTA,,D.09,D.09-DKI Jakarta,12970,,,,,,,,,,1,2015-11-11,,2020-12-04,,,,666.0,,113000096,(+62) 2179181188,Yayasan Wakaf Paramadina
1950,Swasta,Cyan Publisher,,Jl. Ciputat Raya No. 25 Kebayoran Lama,Jakarta,,D.09,D.09-DKI Jakarta,12340,,,,,,,,,,1,2015-07-29,,2020-12-04,,,,665.0,1.0,513000003,62 21 72794296,Cyan Publisher
1861,Swasta,Kementerian Agama RI,Jalan Lapangan Banteng Barat No. 3 ï¿½ 4  Jakarta ,Jl. Lap. Banteng Barat No. 3-4 Jakarta Pusat,Jakarta,Jakarta,D.09,D.09-DKI Jakarta,10710,(+6221) ï¿½ 3811679,,,34833004,redaksi_ib@kemenag.go.id,,,,,0,2015-07-06,,2020-12-04,,,,630.0,,414000047,(+62) 213811642,Kementerian Agama RI
1737,Swasta,Yayasan Nabil,"Jl. Limo 42 AB, Permata Hijau, Senayan",Jl. Limo no. 40 Permata Hijau Senayan ,Jakarta,Jakarta,D.09,D.09-DKI Jakarta,12220,(021) 7204383 ; 7269103,,,(021) 7244430,yayasan_nabil@yahoo.com.id,,,,,1,2015-06-24,,2020-12-04,,,,573.0,1.0,912000261,6221 7204383,Yayasan Nabil
2115,Pemerintah,Komisi Penyiaran Indonesia Pusat,Jalan Gajah Mada No. 8 Jakarta Pusat,,JAKARTA,Jakarta Pusat,D.09,D.09-DKI Jakarta,10120,021-6340713,,,021-6340667,layananpublik@kpi.go.id,,,,,0,,,2021-06-06,,198406302019022016,192.168.0.20,128.0,,312000504,(+62) 22345444,Komisi Penyiaran Indonesia
3089,Swasta,Polimedia Publishing,"Jalan Srengseng Sawah, Jagakarsa Jakarta Selatan",,JAKARTA,Jakarta,D.09,D.09-DKI Jakarta,12640,(021)93284466,,,,polimediapublishing@gmail.com,,,,,0,2015-12-16,,2020-12-04,,,,945.0,1.0,512000024,(+62) 85216002259,Polimedia Publishing
3208,Pemerintah,Unit Pengelola Museum Seni,jl. Pos Kota No. 2 Jakarta Barat,Jl. Pos Kota no. 2 Jakarta Barat,Jakarta,Jakarta Barat,D.09,D.09-DKI Jakarta,11110,021 6907062,,,021 6926091,museum_seni@yahoo.co.id,,,,,0,,,2020-12-04,,,,701.0,,1112000174,6221 6907062,Pemerintah Provinsi DKI Jakarta
2880,Swasta,Ukrida Press,Universitas Kristen Krida Wacana  Jl. Tanjung Duren Raya  4  Jakarta ,,JAKARTA,Jakarta,D.09,D.09-DKI Jakarta,11470,,,,,press@ukrida.ac.id,,,,,0,2015-11-10,,2020-12-04,,,,887.0,2.0,1212000216,(+62) 215666952,Ukrida Press
2941,Swasta,Jakarta Citra,Jl. Dewi Sartika No. 71  Pendawa Building Cawang ,Jl. Kp. Pabuaran Gg. Masjid 2 No.36 Jati rangon Jati Sampurna,Bekasi,Jakarta,D.09,D.09-DKI Jakarta,13630,,,,,adisage@yahoo.com,,,,,0,2015-11-18,,2020-12-04,,,,902.0,2.0,213000098,6221 68181609,Jakarta Citra
2893,Swasta,Unindra Press,"Jl. Nangka No. 58 C, Tanjung Barat, Jagakarsa, Jakarta Selatan",,JAKARTA,Jakarta Selatan,D.09,D.09-DKI Jakarta,12530,021-33386608,,,,"kopkar.unindra@gmail.com, leonova@yahoo.com",,,,,1,2015-11-12,,2020-12-04,,,,509.0,,113000177,81511075850,Universitas Indraprasta PGRI
3052,Swasta,Pustaka Indonesia Satu,Jl. Pustaka No.1 Kayu Putih Pulo Gadung Kota Jakarta Timur,Jl. Jeruk No.6 Menteng ,Jakarta,Jakarta,D.09,D.09-DKI Jakarta,10330,,,,,,,,,,0,2015-12-10,,2020-12-04,,,,932.0,,1112000043,6221 3909109,Pustaka Indonesia Satu
3384,Swasta,Wahana Lingkungan Hidup Indonesia (WALHI),Jl. Tegal Parang Utara No. 14 Mampang Jakarta Selatan 12790,,JAKARTA,Jakarta,D.09,D.09-DKI Jakarta,12790,(021) 7941672,,,(021) 7941673,info@walhi.or.id,,,,,0,2016-01-19,,2020-12-04,,,,1006.0,2.0,1013000171,(+62) 2179193363,Wahana Lingkungan Hidup Indonesia (WALHI)
3065,Swasta,Bania Publishing,"Komplek Perguruan NW Jakarta RT. 001/03, No. 80 Jakarta Timur",,LOMBOK,Jakarta,D.09,D.09-DKI Jakarta,83361,021-468207788,,,,info_bania@yahoo.co.id,,,,,0,2015-12-15,,2020-12-04,,,,940.0,,112000831,87864879442,Bania Publishing
3194,Swasta,Visual,,Jl. Lingkar Luar Barat Blok E/4 RT 002/RW 02 Cengkareng,Jakarta,,D.09,D.09-DKI Jakarta,11730,,,,,,,,,,0,2015-12-31,,2020-12-04,,,,965.0,1.0,116000142,6221 54374233,Visual
3324,Swasta,Pusat Profil dan Biografi Indonesia,Rukan Tanjung Mas B-1 No. 8 Jl. Raya Lenteng Agung,JL. Pangeran Antasari Raya No.25 Kebayoran Baru,JAKARTA,Jakarta Selatan,D.09,D.09-DKI Jakarta,12150,,,,,,,,,,1,2016-01-14,,2020-12-04,,,,984.0,1.0,915000085,87782622575,Pusat Profil dan Biografi Indonesia
3576,Swasta,AP Foundation,"Jl. H. Najih II No. 20 C  Petukangan Utara, Jakarta Selatan",Jl. H. Najih II no. 20-C Petukangan Utara,Jakarta,Jakarta,D.09,D.09-DKI Jakarta,,(021) 70189880,,,(021) 7370379,ap_foundation@ymail.com,,,,,0,2016-02-04,,2020-12-04,,,,1054.0,1.0,812000041,6221 7370379,AP Foundation
3609,Pemerintah,Komisi Nasional Hak Asasi Manusia (Komnas HAM),"Gedung Komnas HAM, Jl. Latuharhary no. 4B, Menteng",,JAKARTA,Jakarta Pusat,D.09,D.09-DKI Jakarta,10310,021-3925230,,,021-3912026,"info@komnasham.go.id, perpustakaan@komnasham.go.id, perpustakaankomnasham@gmail.com",,,,,1,2016-02-05,,2020-12-04,,,,1059.0,,316000083,(+62) 213925230,Komnas HAM
3839,Swasta,Komite Olahraga Nasional Indonesia Pusat,"Gedung Direksi Gelora Bung Karno, Jl. Pintu I Senayan, Jakarta 10270",Jl. Pintu 1 Senayan,Jakarta,Jakarta,D.09,D.09-DKI Jakarta,10270,021-5737494,,,021-5732516,konipusat@yahoo.com,,,,,0,2016-03-02,,2020-12-04,,,,1087.0,2.0,214000111,62 21 5732205,Komite Olahraga Nasional Indonesia Pusat
3523,Swasta,Universitas Negeri Jakarta,"Jl. Rawamangun Muka, Rawamangun, RT.11/RW.14, Jakarta Timur",Jl. Rawamangun Muka No. ,Jakarta,,D.09,D.09-DKI Jakarta,13220,,,,,,,,,,0,2016-02-01,,2020-12-04,,,,373.0,,1016000008,0813 9889 0640,Bhuana Ilmu Populer
8609,Pemerintah,Direktorat Izin Tinggal Keimigrasian Kementerian Hukum dan Hak Asasi Manusia RI,"Jl. H.R Rasuna Said Blok X-6, Kav.8, Kuningan, Jakarta Selatan",Jl. H.R Rasuna Said Blok X-6 Kav. 8 Kuningan,Jakarta,Jakarta ,D.09,D.09-DKI Jakarta,,021 5224658,,,021 52962095,,,,,,0,,,2020-12-04,,,,124.0,,1117000164,6221 5224658,Kementerian Hukum dan Hak Asasi Manusia RI
5923,Swasta,Erlangga for Kids,"Jl. H. Baping Raya No. 100, Ciracas, Jakarta Timur ",,JAKARTA,Jakarta,D.09,D.09-DKI Jakarta,13740,021-871 7006,,,,"ppc.erlangga@gmail.com, webmaster@erlangga.co.id",,,,,1,2017-01-14,,2020-12-04,,,,1942.0,1.0,512000177,(+62) 218717006,Erlangga
8882,Swasta,Jurusan Teknik Sipil Fakultas Teknik Universitas Tarumanagara,"Jl. Let. Jend. S. Parman No. 1, Jakarta ",Jl. Letjen. S. Parman No.1,Jakarta,Jakarta,D.09,D.09-DKI Jakarta,11440,021 5672548 ext. 331,,,,sipil@untar.ac.id,,,,,0,2018-03-06,,2020-12-04,,,,1074.0,,815000123,6221 5663124,Universitas Tarumanagara
10329,Pemerintah,Komite Keperawatan,"Jl. Diponegoro No. 71, Jakarta",,JAKARTA,Jakarta,D.09,D.09-DKI Jakarta,1086,021 1500135,,,,,,,,,0,2019-01-11,,2020-12-04,,,,1107.0,,116000160,8567946362,Rumah Sakit Cipto Mangunkusumo
9554,Pemerintah,Pusat Pelatihan dan Penyuluhan Kelautan dan Perikanan,"Gedung Mina Bahari III, Jl. Medan Merdeka Timur No. 16, Jakarta","Merdeka Timur, Gambir ",Jakarta,Jakarta,D.09,D.09-DKI Jakarta,10110,,,,,,,,,,0,2018-12-07,,2020-12-04,,,,449.0,,1115000060,(+62) 213513314,Kementerian Kelautan dan Perikanan RI
5548,Pemerintah,Direktorat Jenderal Peternakan dan Kesehatan Hewan,"Jl.Harsono RM, No. 3, Gedung C, Lantai 9, Pasar Minggu, Jakarta",,JAKARTA,Jakarta,D.09,D.09-DKI Jakarta,12550,021 7815783,,,021 7815783,keswan@deptan.go.id,,,,,0,2016-11-23,,2020-12-04,,,,106.0,,512000470,(+62) 217815580,Kementerian Pertanian
1955,Pemerintah,Balai Besar Konservasi Sumber Daya Alam Papua Barat,Jl. Raya Klamono Km. 16,,SORONG,Sorong,D.34,D.34-Papua Barat,98415,0951-321986,,,0951-334073,ksda_papbar@yahoo.co.id,,,,,0,2015-07-30,,2020-12-04,,,,106.0,1.0,519000005,(0951)321986,Kementerian Pertanian
6736,Pemerintah,Balai Pengkajian Teknologi Pertanian Papua,"Jl. Yahim No. 49, Sentani-Jayapura",,JAYAPURA,Jayapura,D.26,D.26-Papua,99352,0967 592179,0967 591235,,0967 591235,bptppapua@yahoo.com,,,,,0,2017-04-17,,2020-12-04,,,,106.0,,1013000017,(+62) 81392712238,Kementerian Pertanian
6342,Pemerintah,Dinas Penerangan Korps Marinir,Mako Kormar,Prajurit Kko Usman Dan Harun No.40,Dki Jakarta,,D.09,D.09-DKI Jakarta,10410,,,,,marinir@gmail.com,,,,,0,2017-02-28,,2020-12-04,,,,1528.0,,712000095,(+62) 2134830945,Dinas Penerangan Korps Marinir
7402,Swasta,Fakultas Pertanian Universitas Nasional,Jl. Sawo Manila no.61 Pejaten Pasar Minggu,Jl. Sawomanila No. 61 Pasar Minggu ,Jakarta,Jakarta Selatan,D.09,D.09-DKI Jakarta,12520,021-7806700,,,,,,,,,0,2017-07-18,,2020-12-04,,,,866.0,,617000002,7806700 ext 157, Universitas Nasional
7855,Swasta,Red & White Publishing,"Crown Palace Blok E No.5 Jl. Prof. Dr. Soepomo No. 231 Pancoran, Jakarta 12870",,JAKARTA,Jakarta Selatan,D.09,D.09-DKI Jakarta,12870,+62 856-9169-4245,021 83787848,,,abdul@redandwhite.co.id,,Abdul Manan,,,0,2017-08-30,,2020-12-04,,,,1784.0,2.0,512000034,(+62) 2165300085,Red & White Publishing
11108,Pemerintah,"Direktorat Pengawasan Kosmetik, Badan POM","Jl. Percetakan Negara No. 23, Jakarta Pusat",,JAKARTA,Jakarta Pusat,D.09,D.09-DKI Jakarta,10560,021 42878164,,,,subditwaskos.amut@gmail.com,,,,,0,,,2020-12-04,,,,1125.0,,119000033,(021)42878164,Badan POM RI
8604,Swasta,Universitas 17 Agustus 1945 Jakarta,"Jalan Sunter Permai Raya No.36, RT.5/RW.18, Papanggo, Tanjung Priok, RT.11/RW.6, Sunter Agung, Tj. Priok, Jakarta Utara",,JAKARTA,Jakarta,D.09,D.09-DKI Jakarta,14350,(021) 64715666,,,,ratihkurnia20@gmail.com,,,,,0,2018-02-14,,2020-12-04,,,,1002.0,,216000085,(+62) 2164715666,Universitas 17 Agustus 1945
8566,Swasta,STKIP Kusuma Negara,"Jl. Raya Bogor, KM 24, Cijantung, Jakarta Timur",,JAKARTA,Jakarta Timur,D.09,D.09-DKI Jakarta,13770,,,,,stkipkn@stkipkusumanegara.ac.id,,,,,0,2017-12-21,,2020-12-04,,,,1844.0,,817000036,(021)87791773,STKIP Kusuma Negara
11273,Pemerintah,"Biro Rekrutmen, Advokasi dan Peningkatan Kapasitas Hakim Komisi Yudisial RI",Jl. Kramat Raya No.57 Jakarta Pusat,Jl. Kramat Raya No.57,Jakarta,Jakarta,D.09,D.09-DKI Jakarta,10450,021-3905455,,,,pkh@komisiyudisial.go.id,,,,,0,2019-06-11,,2020-12-04,,,,698.0,,913000021,213905876,Komisi Yudisal RI
282,Pemerintah,Pusat Sumber Daya Geologi,Jl. Soekarno - Hatta No. 444 Bandung 40254,Jl Soekarno Hatta No.444,Bandung,Bandung,D.10,D.10-Jawa Barat,40254,,,,,buletinpsdg@gmail.com,,,,,1,2015-04-27,,2020-12-04,,,,39.0,2.0,612000212,622- 522525,Badan Geologi
319,Pemerintah,Pusat Perpustakaan dan Penyebaran Teknologi Pertanian,Jl. IR. H. Juanda No. 20 Bogor,,BOGOR,Bogor,D.10,D.10-Jawa Barat,16122,,,,, pustaka@pertanian.go.id,,,,,1,2015-05-06,,2020-12-04,,,,38.0,2.0,612000211,(+62) 2518321746,Departemen Pertanian RI
800,Swasta,Kaysa Media,"Perumahan Jatijajar Estate Blok D12 No.1-2, Depok, Jawa Barat",Perumahan Jatijajar Blok D12 No.1-2,Depok,Depok,D.10,D.10-Jawa Barat,16451,021-87743503,,,021-87743530,kaysamedia@puspa-swara.com;  admin@puspa-swara.com,,,,,0,2015-04-09,,2020-12-04,,,,273.0,,916000008,(+62) 2187745418,Puspa Swara
919,Swasta,Kriya Pustaka,"Perumahan Jatijajar Estate Blok D12 No. 1, Depok",Perumahan Jatijajar Blok D12 No.1-2,Depok,Depok,D.10,D.10-Jawa Barat,16451,021-87743503,021-87745418,,021-8774353,kriyapustaka@puspa-swara.com | salesonline@puspa-swara.com,,,,,0,2015-04-13,,2020-12-04,,,,273.0,1.0,916000006,(+62) 2187743503,Puspa Swara
1203,Swasta,Pustaka Bunda,Perumahan Jati Jajar Blok D12 No.1 Cimanggis Jawa Barat 16452 Indonesia,Perumahan Jatijajar Blok D12 No.1-2 ,Depok,Depok,D.10,D.10-Jawa Barat,16451,021-87743503,,,,,,,,,0,2015-04-23,,2020-12-04,,,,273.0,1.0,916000004,(+62) 21877435418,Puspa Swara
1883,Swasta,Kanaya Press,"Perumahan Jatijajar Estate Blok D12 No.1-2, Depok, Jawa Barat",Perumahan Jatijajar Blok D12 No.1-2,Depok,,D.10,D.10-Jawa Barat,16451,,,,,,,,,,1,2015-07-07,,2020-12-04,,,,273.0,1.0,112000127,(+62) 2187743503,Puspa Swara
1876,Swasta,Puspa Populer,Perum.Jatijajar Estate Blok D12 no.1-2 ,Perumahan Jatijajar Blok D12 No.1-2,Depok,Depok,D.10,D.10-Jawa Barat,16451,021-87743503,021-87745418,,021-8774353,info@puspa-swara.com,,,,,0,2015-07-07,,2020-12-04,,,,273.0,2.0,916000007,(+62) 2187745418,Puspa Swara
2198,Swasta,Indria Pustaka,"Perum Jatijajar Estate Blok D12 No. 1-2, Tapos, Depok 16451",Perumahan Jatijajar Blok D12 No.1,Depok,Depok,D.10,D.10-Jawa Barat,16451,(021) 87743503,(021) 87745418,,(021) 87743530,adm.puspa-swara@gmail.com,,,,,1,2015-08-28,,2020-12-04,,,,273.0,1.0,1016000065,(+62) 2187743503,Puspa Swara
597,Swasta,Universitas Katolik Parahyangan,"Jalan Ciumbuleuit 94, Bandung 40141 Indonesia",,Bandung,,D.10,D.10-Jawa Barat,,,,,,humas@unpar.ac.id,,,,,0,2015-04-07,,2020-12-04,,,,174.0,2.0,413000186,,Universitas Katolik Parahyangan
597,Swasta,Universitas Katolik Parahyangan,"Jalan Ciumbuleuit 94, Bandung 40141 Indonesia",Jl. Ciumbeleut No. 94,Bandung,,D.10,D.10-Jawa Barat,40141,,,,,humas@unpar.ac.id,,,,,0,2015-04-07,,2020-12-04,,,,174.0,2.0,512000013,622-2033691,Universitas Katolik Parahyangan
1026,Swasta,Qanita,"Jl. Cinambo No. 135, Cisaranten Wetan, Ujungberung, Bandung 40294",Jl. Cinombo 136 Cisaranten Wetan ,Bandung,Bandung,D.10,D.10-Jawa Barat,40294,(022) 7834310,,,(021) 7834311,qanita@mizan.com,,,,,0,2015-04-17,,2020-12-04,,,,376.0,,312000553,62227834310,Qanita
961,Pemerintah,Pemerintah Kabupaten Kuningan,,JL. Siliwangi No. 88 Kuningan,Kuningan,,D.10,D.10-Jawa Barat,,,,,,,,,,,0,2015-04-15,,2020-12-04,,,,351.0,1.0,414000086,62 232 871045 ,Pemerintah Kabupaten Kuningan
1130,Swasta,Little Kaifa,"Jl. Cinambo No. 135, Cisaranten Wetan",Cinambo 135 Cisaranten Wetan,Bandung,Bandung,D.10,D.10-Jawa Barat,40294,022-7834310,,,022-7834311,littlekaifa@mizan.com,,,,,0,2015-04-21,,2020-12-04,,,,400.0,1.0,312000688,(+62) 7834310,Little Kaifa
1011,Swasta,Komunitas Bambu,"Jl. Pala No.48 Beji Timur, Depok",,DEPOK,Depok,D.10,D.10-Jawa Barat,16422,021-77206987,,,,"redaksi.komunitasbambu@gmail.com, info@komunitasbambu.id",,,,,0,2015-04-17,,2020-12-04,,,,370.0,1.0,1216000151,(+62) 2177200978,Komunitas Bambu
1302,Swasta,Dinas Sejarah Angkatan Darat,Jl. Belitung No. 6 Bandung,,BANDUNG,Bandung,D.10,D.10-Jawa Barat,40113,(022) 4205722,,,(022) 42052215,disjarahad_ad@yahoo.com,,,,,1,,,2021-01-07,,198406302019022016,192.168.10.104,467.0,,612000052,224205722,Dinas Sejarah Angkatan Darat
1253,Swasta,Hanfed Institute,"Jl. Bintara Jaya 48 RT.006/03 Kel. Bintara Jaya, Bekasi Barat",Jl. Bintara Jaya No.48 Rt.006/03 Kel. Bintara Jaya ,Bekasi,Bekasi,D.10,D.10-Jawa Barat,17136,,,,,hanfedinstitute@yahoo.co.id,,,,,0,2015-04-24,,2020-12-04,,,,442.0,1.0,812000071,62812 84706465,Hanfed Institute
1758,Swasta,Forda Press,Jln. Gunung Batu No. 5 ,Jl.  Gunung Batu No. 5,Bogor,Bogor,D.10,D.10-Jawa Barat,16610,(0251) 7520093,,,,fordapress@yahoo.co.id,,,,,0,2015-06-26,,2020-12-04,,,,586.0,2.0,713000154,81314147353,Forda Press
1966,Swasta,Goresan Pena,"Jl. Jami, No 230, Sindangjawa, Kadugede, Kuningan, Jawa Barat",,KUNINGAN,Kuningan,D.10,D.10-Jawa Barat,45561,85221422416,,,,goresanpena2012@gmail.com,,,,,1,2015-10-08,,2020-12-04,,,,676.0,1.0,913000014,6285221422416,Goresan Pena
1780,Swasta,Metafor Imagination,Jalan Ahmad Yani No. 817 ,Jl.Amir machmud gg Eman Rt 02 Rw 12 ,Cimahi,Bandung,D.10,D.10-Jawa Barat,40513,08121176256 (marketing),085603040837 (publishing),,,metafor.imagination@gmail.com,,,,,0,2015-06-29,,2020-12-04,,,,590.0,1.0,813000019,62 085603040837,Metafor Imagination
2202,Swasta,Media Pusindo,"Perum Jatijajar Estate Blo D12 No. 1-2, Depok",Perumahan Jatijajar Blok D12 No.1,Depok,Depok,D.10,D.10-Jawa Barat,16451,021-4204402,021-4255354,,021-4214821,mediapusindo@puspa-swara.com,,,,,0,2015-08-28,,2020-12-04,,,,748.0,,117000048,(+62) 2187743430,Puspa Swara
2011,Swasta,Kaifa,"Jl. Cinambo No. 135, (Cisaranten Wetan), Ujungberung, Bandung 40294",Cinambo 135 Cisaranten Wetan,Bandung,Bandung,D.10,D.10-Jawa Barat,40294,(022) 7834310,,,(022) 7834311,kaifa@mizan.com,,,,,1,2015-08-04,,2020-12-04,,,,695.0,1.0,712000064,(+62) 7834310,Mizan Media Utama
2064,Swasta,Media Maxima,Graha Persada Sentosa Blok A4 No. 8 Kaliabang Tengah-Bekasi Jabar 17125,,BEKASI,Bekasi ,D.10,D.10-Jawa Barat,17125,(021) 29084504,,,(021) 29084504,media_maxima@yahoo.co.id,"Thomas Dimas, SS., MPP",85216026226,,,0,2015-08-07,,2020-12-04,,,,715.0,1.0,112000808,(+62) 2129084504,"Media Maxima, PT."
2345,Swasta,Masyarakat Perkelapa-Sawitan Indonesia (MAKSI),Gedong F. Technopark Fateta IPB kampus IPB Darmaga,,Bogor,,D.10,D.10-Jawa Barat,16680,,,,,,,,,,1,2015-09-10,,2020-12-04,,,,789.0,,1113000094,62251 8621560,Masyarakat Perkelapa-Sawitan Indonesia (MAKSI)
2405,Swasta,Pustaka Al-Fikriis,"Komp. PLN, Jl. Moh. Toha No. 176 Lama Bandung 40423",Jl. Moh. Toha NO.176 Lama ,Bandung,Bandung,D.10,D.10-Jawa Barat,40423,(022) 92724763,081221147105 (HP),,(022) 5226739,prc@gmail.com,,,,,0,2015-09-14,,2020-12-04,,,,803.0,1.0,1112000195,6222 92724763,Pustaka Al-Fikriis
2928,Swasta,Pustaka El-Syarif,Jl. Mayor No. 16 Jaka Setia,Jl. Raya Pekayon Pondok Gede-Bekasi Selatan,,Bekasi,D.10,D.10-Jawa Barat,,021-92642980,,,,el.syariif@gmail.com,,,,,0,2015-11-17,,2020-12-04,,,,896.0,2.0,312000333,,Pustaka El-Syarif
2940,Swasta,Mitra Pemuda,,"Jl. Sekar Kemuning, Gg. Teratai No.30, RT.01/RW.03 Kelurahan Karya Mulya Kecamatan Kesambi",Cirebon,,D.10,D.10-Jawa Barat,45135,,,,,,,,,,1,2015-11-18,,2020-12-04,,,,901.0,1.0,1213000140,,Mitra Pemuda
3132,Swasta,Jantera Publishing,Bandung,JL. Dr. Setiabudhi No. 229 Gd. FPIPS Lt.2 Kode Pos 40154,Bandung,Bandung,D.10,D.10-Jawa Barat,,,,,,,,,,,0,2015-12-21,,2020-12-04,,,,947.0,2.0,1015000028,62 22 089505488356,Jantera Publishing
3296,Swasta,UIKA Press,Lembaga Penelitian dan Pengabdian kepada Masyarakat Universitas Ibn Khaldun Bogor,Jalan KH. Sholeh Iskandar km. 2 Kota Bogor 16162,BOGOR,Bogor,D.10,D.10-Jawa Barat,16162,(0251) 8356884,,,,lppm@uika-bogor.ac.id,,,,,0,2016-01-12,,2020-12-04,,,,976.0,2.0,1214000067,2518356884,UIKA Press
3715,Swasta,Universitas Nusa Bangsa,"Jl. Baru Km 4, Cimanggu, Tnah Sereal-Bogor ",,BOGOR,Bogor,D.10,D.10-Jawa Barat,16166,0251 8340217,,,0251 8340217,nusabangsa@unb.ac.id,,,,,0,2016-04-18,,2020-12-04,,,,1079.0,,1016000074,(+62) 2517544708,Universitas Nusa Bangsa
3563,Swasta,Rajawali Pers,"Jl. Raya Leuwinanggung No. 112, Kel. Leuwinanggung, Kec. Tapos, Kota Depok",,DEPOK,Depok,D.10,D.10-Jawa Barat,16956,,,,,rajawalipers5@gmail.com,,,,,1,,,2021-06-04,,Muh. Dzul Akhyar,192.168.10.133,711.0,,712000129,622184311162,"RajaGrafindo Persada, PT."
13653,Swasta,Murai Kencana,"Jl. Raya Leuwinanggung, Kec. Tapos, Kota Depok 16956",,DEPOK,Depok ,D.10,D.10-Jawa Barat,16956,,,,,rajapers@rajagrafindo.co.id,,,,,0,2019-11-27,,2020-12-04,,,,711.0,,712000130,2184311162,"RajaGrafindo Persada, PT."
3672,Swasta,Universitas Widyatama,"Jl. Cikutra No.204A, Sukapada, Cibeunying Kidul, Kota Bandung",JL. Cikutra No. 204A,Bandung,Bandung,D.10,D.10-Jawa Barat,40125,,,,,,,,,,0,2016-02-12,,2020-12-04,,,,1071.0,2.0,716000019,62 22 7275855 ext. 124,Universitas Widyatama
3462,Swasta,Salamadani,Jl. Pasirwangi No. 1 Pasirluyu  Soekarno-Hatta  Bandung 40254,Jl. Pasirwangi (Pasirluyu) Soekarno Hatta ,Bandung,Bandung,D.10,D.10-Jawa Barat,40254,(022) 5226062,,,(022) 5202714,www.grafindo.co.id,,,,,0,2016-01-25,,2020-12-04,,,,1041.0,1.0,912000257,6222 5226062,"Grafindo Media Pratama, PT."
3924,Swasta,Cintya Press,Jl. Bougenvil IV No. 17 Jakasampurna - Bekasi Barat,Jl. Raya Pasar Minggu No. 2  Komplek Bangdes - Jakarta Selatan,BEKASI,Bekasi,D.10,D.10-Jawa Barat,17145,(021) 44426200,,,,,,,,,0,2016-03-21,,2020-12-04,,,,1097.0,1.0,712000010,(+62) 218855540,Cintya Press
3727,Swasta,Rajawali Cilik,"Jl. Raya Leuwinanggung No. 112, Kel. Leuwinanggung, Kec. Tapos, Depok 16956","Jl. Raya Leuwinanggung, No.112, Kel. Leuwinanggung, Kec. Tapos",Depok,Depok,D.10,D.10-Jawa Barat,16956,021-4520951,,,021-4529409,rajawalipers5@gmail.com,,,,,0,2016-02-17,,2020-12-04,,,,1082.0,1.0,913000158,(021) 84311162,"RajaGrafindo Persada, PT."
6763,Pemerintah,Program Studi Pendidikan Manajemen Bisnis Fakultas Pendidikan Ekonomi dan Bisnis UPI,Jl. Dr. Setiabudhi 229. Bandung,JL.  Dr.Setiabudhi No.229,Bandung,Bandung,D.10,D.10-Jawa Barat,40154,022-2001619,,,022-2001621,admin_fpeb@upi.edu,,,,,0,,,2020-12-04,,,,158.0,,317000043,62 22 2001619,Universitas Pendidikan Indonesia
4711,Pemerintah,Al-Qolam UPI Publisher,"Jl. Dr. Setiabudhi, No. 229,Bandung",,BANDUNG,Bandung,D.10,D.10-Jawa Barat,40154,0857 94931621,,,,divpro.alqolam@gmail.com,,,,,0,2016-08-09,,2020-12-04,,,,158.0,,314000103,85794931621,Universitas Pendidikan Indonesia
11428,Pemerintah,Program Studi Pendidikan Anak Usia Dini Sekolah Pascasarjana Universitas Pendidikan Indonesia,Jl. Dr. Setiabudhi No. 229 Bandung ,Jl. Dr. Setiabudhi No 229 Bandung,Bandung,Bandung,D.10,D.10-Jawa Barat,40154,(022) 2013163,,,,,,,,,1,2019-08-01,,2020-12-04,,,,158.0,1.0,515000037,(+62) 83823256076,Universitas Pendidikan Indonesia
6700,Pemerintah,PGSD UPI Kampus Serang,"Jl. Ciracas, Serang, Banten",,SERANG,Serang,D.32,D.32-Banten,42116,0254 200277,,,0254 200277,ajoupiserang@gmail.com,,,,,0,2017-07-06,,2020-12-04,,,,158.0,,916000050,(+62) 254200277,Universitas Pendidikan Indonesia
5050,Pemerintah,Pusat Penelitian dan Pengembangan Hutan,"Jl. Gunung Batu No. 5, Kotak Pos 165, Bogor",Gunung Batu No. 5,Bogor,Bogor,D.10,D.10-Jawa Barat,16610,0251 8633234,,,0251 8638111,afoco.comp3@yahoo.com,,,,,0,2018-04-26,,2020-12-04,,,,873.0,,712000242,(+62) 2518633234,Kementerian Lingkungan Hidup dan Kehutanan
7445,Pemerintah,Balai Penelitian dan Pengembangan Lingkungan Hidup dan Kehutanan Kupang,"Jl. Alafons Nisnoni (Untung Suropati) No. 7 (Belakang) PO BOX 69, Kupang",JL. Alfons Nisnoni (Untung Surapati) No. 7B Kupang,Kupang,Kupang,D.15,D.15-Nusa Tenggara Barat,85115,0380 823357,0380 833472,,0380 831068,aisuli@yahoo.com,,,,,0,2017-07-27,,2020-12-04,,,,873.0,,1215000009,"380 823472, 831068",Kementerian Lingkungan Hidup dan Kehutanan
9052,Pemerintah,Balai Taman Nasional Siberut,Jl. Khatib Sulaiman no.46 Padang,Jl. Khatib Sulaiman Nomor 46,Padang,Padang,D.03,D.03-Sumatera Barat,25173,0751-443516,,,,,,,,,0,2019-01-15,,2020-12-04,,,,873.0,,1217000151,(+62) 7517059986,Kementerian Lingkungan Hidup dan Kehutanan
8237,Pemerintah,Pusat Pengendalian Pembangunan Ekoregion Kalimantan,Jl. Jend. Sudirman no.19A Balikpapan,"Jl. Marsma  Iswahyudi, Balikpapan Selatan",Balikpapan,Balikpapan,D.19,D.19-Kalimantan Timur,76114,0542-738375,,,,,,,,,0,2017-11-10,,2020-12-04,,,,873.0,,313000179,(+62) 542738375,Kementerian Lingkungan Hidup dan Kehutanan
10880,Pemerintah,Balai Konservasi Sumber Daya Alam Kalimantan Timur,"Jl. Teuku Umar Rt. 34, Kel. Karang Asem Ilir Kec. Sungai Kunjang Samarinda","Jl. Teuku Umar Rt 34, Kel. Karang Asam Ilir, Kec. Sungai Kunjang",Samarinda,Samarinda,D.19,D.19-Kalimantan Timur,75126,,,,,admin@bksdakaltim.menlhk.go.id,,,,,0,2019-04-10,,2020-12-04,,,,873.0,,219000053,(0541)743556,Kementerian Lingkungan Hidup dan Kehutanan
9860,Pemerintah,Balai Taman Nasional Sebangau,"Jl. Mahir Mahar KM 1,2, Palangkaraya",,PALANGKA,Palangkaraya,D.18,D.18-Kalimantan Tengah,73111,,,,,sebagaukalteng@gmail.com,,,,,0,2018-10-11,,2020-12-04,,,,873.0,,1217000051,(+62) 811393395,Kementerian Lingkungan Hidup dan Kehutanan
8782,Pemerintah,Balai Taman Nasional Manupeu Tanah Daru dan Laiwangi Wanggameti,"Jl. Adam Malik KM. 05, Kelurahan Kambajawa, Waipangu, Sumba Timur, NTT","Jl. Adam Malik Km 5, Kel Kambajawa",Waingapu,Sumba Timur,D.16,D.16-Nusa Tenggara Timur,87112,0387 61914,,,,laiwangi5@gmail.com,,,,,0,2018-04-26,,2020-12-04,,,,873.0,,1216000054,38761940,Kementerian Lingkungan Hidup dan Kehutanan
6106,Pemerintah,Balai Taman Nasional Bukit Baka Bukit Raya,"Jl. Dr. Wahidin Sudirohusodo, No. 75, Sintang",,SINTANG,Sintang,D.20,D.20-Kalimantan Barat,78612,0565 23521,,,,,,,,,0,2017-02-20,,2020-12-04,,,,873.0,,1016000128,(0565)23521,Kementerian Lingkungan Hidup dan Kehutanan
6363,Swasta,Asosiasi Sel Punca Indonesia (ASPI),"Jl. Agatis Kampus IPB Dramaga, Bogor",Jl. Agatis,Bogor,Bogor,D.10,D.10-Jawa Barat,16680,,,,2518421823,aspiseminar@gmail.com,,,,,0,2017-04-04,,2020-12-04,,,,45.0,,112000829,(+62) 2518421823,Institut Pertanian Bogor (IPB)
7673,Pemerintah,Crestpent Press,kampus IPB Baranangsiang,Jl. Raya Pajajaran,Bogor,Bogor,D.10,D.10-Jawa Barat,16144,,,,,,,,,,0,2017-10-04,,2020-12-04,,,,45.0,,913000145,,Institut Pertanian Bogor (IPB)
4465,Swasta,Q Publisher,,Krakatau Vi/269,Depok,Depok,D.10,D.10-Jawa Barat,16417,,,,,q.publisherku@gmail.com,,,,,0,2016-06-20,,2020-12-04,,,,1281.0,2.0,713000074,,Q Publisher
20223,Pemerintah,Fakultas Teknik UPN Veteran Jakarta,Jalan Limo Raya No.7 Kelurahan Limo,Jalan Limo Raya,Depok,Depok,D.10,D.10-Jawa Barat,16515,021 7656904,,,,ft@upnvj.ac.id,,,,,0,2021-04-06,199608182019020992,2021-04-05,192.168.10.11,,,1928.0,,320000021,82123609997,Universitas Pembangunan Nasional Veteran Jakarta Selatan
21582,Swasta,Little Quokka,JL DADALI 3 NO 153/74 RT 04 RW 05 KECAMATAN ANDIR KELURAHAN GARUDA,,BANDUNG,Bandung,D.10,D.10-Jawa Barat,40293,,,,,,,,,,0,2021-06-02,Muh. Dzul Akhyar,,192.168.10.133,,,2641.0,,821000033,82117388386,PT Mangsi Loka Nusantara
16871,Swasta,CV. Salam Solutions,"Jl. Plawangan Bongas, Kecamatan Bongas",,INDRAMAYU,Indramayu,D.10,D.10-Jawa Barat,45255,,,,,redaksisalam.ped@gmail.com,,,,,0,2020-09-03,,2020-12-04,,,,2581.0,,1119000144,(+62) 83824731014,CV. Salam Solutions
9426,Pemerintah,Pusat Kajian Eropa Universitas Indonesia,"Gd perpustakaan Lama Lantai 1 Ruang A103, Kampus Universitas Indonesia, Depok",Kampus UI ,Depok,Depok,D.10,D.10-Jawa Barat,16424,0821 11132287,,,,ces@ui.ac.id,,,,,0,2018-10-30,,2020-12-04,,,,8.0,,517000001,82111132287,Universitas Indonesia
16232,Swasta,CV. Sequoia Epigraf Pustaka,Komplek Tutwuri Handayani B 50 Cibiru Wetan - Cileunyi Bandung 40625 ,,BANDUNG,Bandung ,D.10,D.10-Jawa Barat,40625,0811 2332 218,,,,bukuepigraf@gmail.com,,,,,0,2020-07-07,,2020-12-04,,,,2521.0,,316000165,8112332218,Epigraf
12692,Swasta,Balai Arkeologi Jawa Barat,"Jl. Raya Cinunuk Km. 17, Cileunyi Bandung 40623",Jalan Raya Cinunuk Km 17 Cileunyi,Bandung,Bandung ,D.10,D.10-Jawa Barat,40623,022-7801665,,,022-7803623,balar.jabar@kemdikbud.go.id,,,,,0,2019-10-28,,2020-12-04,,,,81.0,,718000103,(+62) 227801665,Kementerian Pendidikan dan Kebudayaan RI
8787,Pemerintah,Kantor Bahasa Banten,Jl. Bhayangkara no.17A Cipocok Jaya ,,SERANG,Serang,D.32,D.32-Banten,42121,0254-221079,,,,kantorbahasabanten@yahoo.co.id,,,,,0,2018-08-13,,2020-12-04,,,,81.0,,1216000051,(0254)221079,Kementerian Pendidikan dan Kebudayaan RI
918,Pemerintah,Balai Pelestarian Cagar Budaya Yogyakarta,"Jalan Raya Jogja-Solo Km. 15 Bogem, Kalasan, Sleman",,SLEMAN,Sleman,D.11,D.11-Daerah Istimewa Yogyakarta,55571,0274-496019,0274-496419,,,bp3diy@yahoo.com,,,,,0,2015-04-13,,2020-12-04,,,,81.0,,1219000012,(+62) 85292793741,Kementerian Pendidikan dan Kebudayaan RI
2131,Pemerintah,Balai Bahasa Bali," Jl. Trengguli I, no. 34 Tembau,  Denpasar Timur, Bali 80238",Jl. Trenguli I Nomor 34,Denpasar,Denpasar ,D.14,D.14-Bali,80238, (0361) 461 714,,, (0361) 463 656 ,balaibahasa_denpasar@yahoo.co.id,,,,,0,2015-08-14,,2020-12-04,,,,81.0,,414000016,(+62) (0361)461714,Kementerian Pendidikan dan Kebudayaan RI
2813,Pemerintah,Balai Arkeologi Bali,Jalan Raya Sesetan No 80,Jl. Raya Sesetan No. 80,Denpasar,Denpasar,D.14,D.14-Bali,80223,0361-224703,,,0361-228661,balar_denpasar@ymail.com; putu.eka@kemdikbud.go.id,,,,,0,2015-12-30,,2020-12-04,,,,81.0,,413000004,(+62) 361224703,Kementerian Pendidikan dan Kebudayaan RI
5108,Pemerintah,Balai Pelestarian Cagar Budaya Kalimantan Timur,Jalan H.A.M. Rifaddin no. 69 RT. 024,,SAMARINDA,Samarinda,D.19,D.19-Kalimantan Timur,75131,5414104522,,,5414104523,bpcb_samarinda@yahoo.com,,,,,0,2017-05-08,,2020-12-04,,,,81.0,,117000061,(0541)4104522,Kementerian Pendidikan dan Kebudayaan RI
5815,Pemerintah,Kantor Bahasa Kepulauan Riau,"Jl. Rumah Sakit 3, RT 01/RW 01 Tanjungpinang","Kompleks LPMP Kepulauan Riau, Jalan Tata Bumi Km 20, Ceruk Ijuk, Toapaya",Bintan,Tanjung Pinang,D.29,D.29-Kepulauan Riau,29125,077 316006,,,,kantorbahasakepri@yahoo.co.id,,,,,0,2016-12-28,,2020-12-04,,,,81.0,,1217000014,771316006,Kementerian Pendidikan dan Kebudayaan RI
3768,Pemerintah,Kantor Bahasa Kepulauan Bangka Belitung,"Jl. Yos SUdarso, 7, Kel Gabek, Pangkalpinang ","Jalan Pulau Bangka, Airitam",Pangkal Pinang,Pangkalpinang,D.30,D.30-Kepulauan Bangka Belitung,33149,0717 438455,,,0717 438455,kantorbahasababel@gmail,,,,,0,2019-06-19,,2020-12-04,,,,81.0,2.0,1118000146,(0717) 438455,Kementerian Pendidikan dan Kebudayaan RI
10978,Swasta,Balai Riset Budidaya Ikan Hias,"Jl. Perikanan No. 13, Pancoran Mas",Jl. Perikanan 13 Pancoranmas ,Depok,Depok,D.10,D.10-Jawa Barat,16436,021-7520482,,,,brbih@kkp.go.id,,,,,0,2019-04-01,,2020-12-04,,,,2141.0,,513000185,6221 7520482,Kementrian Kelautan dan Perikanan
274,Swasta,Literati,Jl. Kertamukti No. 63 Pisangan-Ciputat-Tangerang 15419,"Kertamukti No 63, Pisangan",Tangerang Selatan,Ciputat,D.32,D.32-Banten,15419,021-7421913,,,021-7421822,,,,,,1,2015-04-14,,2020-12-04,,,,37.0,1.0,912000103,217421913,Lentera Hati
275,Swasta,Buah Hati,Jl. Kertamukti No. 63 Pisangan-Ciputat-Tangerang 15419,"Kertamukti No.63, Pisangan",Tangerang Selatan,Ciputat,D.32,D.32-Banten,15419,021-7421913,,,021-7421822,"info@literahati.com, lisdiana@lenterahati.com",,,,,1,2015-04-15,,2020-12-04,,,,37.0,1.0,512000459,217421913,Lentera Hati
770,Swasta,UPH Press,"Lippo Village, Tangerang 15811. +62 21 5460901",,TANGERANG,,D.32,D.32-Banten,15811,,,,,uphpress@uph.edu,,,,,0,2015-04-09,,2020-12-04,,,,255.0,,512000200,021-5460901,UPH Press
712,Swasta,Gong Publishing,"Rumah Dunia, Komplek Hegar Alam No. 40, Ciloang, Serang, Banten",,SERANG,Serang,D.32,D.32-Banten,42118,0254-202861,81906311007,,,gongpublishing@yahoo.com,,,,,0,2015-04-08,,2020-12-04,,,,228.0,2.0,112000600,(+62) 81906311007,Gong Media Cakrawala
10525,Swasta,Pendidikan Biologi Untirta,"Jl. Raya Jakarta KM. 4, Serang, Banten",Jalan Raya Jakarta Km 04,Serang,Serang,D.32,D.32-Banten,42118,0254 280330,,,,pendidikanbiologi@untirta.ac.id,,,,,0,2019-03-25,,2020-12-04,,,,2081.0,,218000054,(0254)280330,Universitas Sultan Ageng Tirtayasa
5196,Pemerintah,UIN Syarif Hidayatullah,,Jl. Ir. H. Juanda no. 95 Ciputat,Tangerang Selatan,Ciputat,D.32,D.32-Banten,,,,,,,,,,,0,2018-01-20,,2020-12-04,,,,1.0,,1115000094,6221 7401925,UIN Syarif Hidayatullah Jakarta
9974,Swasta,Program Studi Pendidikan Bahasa dan Sastra Indonesia FKIP Universitas Muhammadiyah Tangerang,"Jl. Perintis Kemerdekaan 1/33, Cikokol-Kota Tangerang Selatan",Jl. Perintis Kemerdekaan Cikokol Kota Tangerang,Tangerang,Tangerang Selatan,D.32,D.32-Banten,15510,021-55730731,,,,"bersama_fkip@fkip-umt.ac.id, sultanwahyu13@gmail.com",,,,,1,2018-10-08,,2020-12-04,,,,2021.0,,117000006,(+62) 85771563816,Universitas Muhammadiyah Tangerang
263,Swasta,Bentang Belia,"Jl. Plemburan No. 1 Pogung Lor RT 11 RW 48 SIA XV Sleman, Jogja 55284 Indonesia",,SLEMAN,Yogyakarta,D.11,D.11-Daerah Istimewa Yogyakarta,55284,0274-889248/883753,,,0274-889248/883753,bentang.pustaka@mizan.com ,,,,,0,2015-04-10,,2020-12-04,,,,293.0,1.0,712000126,(0274) 2839636,"Bentang Pustaka, PT."
842,Swasta,Bentang Pustaka,"Jalan Palagan Tentara Pelajar No. 101 Jongkang RT/RW : 004/035, Sariharjo, Ngaglik Sleman Yogyakarta 55581",,SLEMAN,Sleman,D.11,D.11-Daerah Istimewa Yogyakarta,55581,0274-2839636,,,0274-883753,info@bentangpustaka.com,,,,,0,,,2021-01-19,,198406302019022016,192.168.10.104,293.0,1.0,712000083,(0274) 2839636,"Bentang Pustaka, PT."
467,Swasta,Rapha Publishing,Jalan Beo 38-40,Yogyakarta,SLEMAN,Yogyakarta,D.11,D.11-Daerah Istimewa Yogyakarta,55281,0274-561881,,,0274-588282,garammedia@yahoo.com,,,,,0,2015-03-31,,2020-12-04,,,,87.0,1.0,1118000003,(+62) 247555432,Penerbit Andi
479,Swasta,Rainbow,"Jalan Beo 38-40, Yogyakarta 55281",,SLEMAN,Yogyakarta,D.11,D.11-Daerah Istimewa Yogyakarta,55281,0274-561881,,,0274-588282,naskahandi@gmail.com,,,,,0,2015-03-31,,2020-12-04,,,,87.0,1.0,1218000089,(+62) 274561881,Penerbit Andi
767,Swasta,Sheila Publisher,Jalan Beo 38-40 Yogyakarta 55281,,SLEMAN,Yogyakarta,D.11,D.11-Daerah Istimewa Yogyakarta,55281,0274-561881 (Hunting),,,0274-588282,naskahandi@gmail.com; naskahgarammedia@gmail.com,,,,,0,2015-04-09,,2020-12-04,,,,87.0,1.0,1218000032,(+62) 274561881,Penerbit Andi
13652,Swasta,Lautan Pustaka,Jl. Beo 38-40 Yogyakarta 55281,,SLEMAN,Yogyakarta,D.11,D.11-Daerah Istimewa Yogyakarta,55281,0274-555432,8112926116,,,garammedia@gmail.com,,,,,1,2019-11-27,,2020-12-04,,,,87.0,,319000021,(0274)561881,Penerbit Andi
16051,Swasta,PBMR Andi,Jl. Beo 38-40 Yogyakarta 55281,,SLEMAN,Yogyakarta ,D.11,D.11-Daerah Istimewa Yogyakarta,55281,0274-561881,,,0274-523160,naskahgarammedia@gmail.com; editor_pmbr@andipublisher.com,,,,,0,2020-06-23,,2020-12-04,,,,87.0,1.0,319000020,(0274)561881,Penerbit Andi
717,Swasta,Badan Penerbit ISI Yogyakarta,"Jl. Parangtritis Km. 6,5 Yogyakarta",,BANTUL,Yogyakarta,D.11,D.11-Daerah Istimewa Yogyakarta,55188,0274 384106,,,,lib@isi.ac.id,,,,,0,2015-04-09,,2020-12-04,,,,231.0,2.0,1012000028,274384106,Badan Penerbit ISI Yogyakarta
830,Swasta,Kepel Press,"Puri Arsita A-6 Jl. Kalimantan, Purwosari, Ringroad Utara Yogyakarta",,YOGYAKARTA,Yogyakarta,D.11,D.11-Daerah Istimewa Yogyakarta,55112,0274-884500,,,0274-884500,amara_books@yahoo.com,,,,,0,2015-04-10,,2020-12-04,,,,295.0,,512000506,(+62) 274884500,Kepel Press
980,Pemerintah,Lukman Offset,,Jl. Haji Agus Salim No.50 ,Yogyakarta,,D.11,D.11-Daerah Istimewa Yogyakarta,55262,,,,,,,,,,0,2015-04-15,,2020-12-04,,,,359.0,1.0,814000013,274374649,Lukman Offset
1229,Swasta,Yayasan Tadulakota,"Ndalem Harjokusuman, Harjowinatan, PA I/773, Pakualaman","Ndalem Harjokusuman, Harjiwinatan, PAI/773 Pakualam",Yogyakarta,Yogyakarta,D.11,D.11-Daerah Istimewa Yogyakarta,55112,0274-496898,,,,yayasan_tadulakota@yahoo.co.id,,,,,0,2015-04-23,,2020-12-04,,,,431.0,1.0,812000052,62 274 496898,Yayasan Tadulakota
863,Swasta,Lily Publisher,Jl. Beo 38-40 Yogyakarta 55281,,SLEMAN,Yogyakarta ,D.11,D.11-Daerah Istimewa Yogyakarta,55281,0274-555432,8112926116,,,naskahgarammedia@gmail.com,,,,,0,2015-04-15,,2020-12-04,,,,312.0,1.0,1218000081,(+62) 274561881,Lily Publisher
1252,Swasta,UMY Press,"Jl. Brawijaya Tamantirto, Kasihan, Bantul, Yogyakarta 55183",,BANTUL,Bantul ,D.11,D.11-Daerah Istimewa Yogyakarta,55183,0274-387656,,,0274-387646,umypress@gmail.com,,,,,1,2015-04-24,,2020-12-04,,,,441.0,2.0,1218000112,(+62) 274387656,UMY Press
1165,Swasta,Lingkar Media,"Perum. Gunung Sempu Jl. Menur No.187 Tamantirto, Kasihan, Bantul","Perum Gunung Sempu Jl. Menur 187 Rt 06 Tamantirto, Kasihan, Bantul",Yogyakarta,Bantul,D.11,D.11-Daerah Istimewa Yogyakarta,,5643538043,,,,lingkarmedia17@yahoo.com,,,,,0,2015-04-22,,2020-12-04,,,,413.0,1.0,215000107,62274 6845341,Lingkar Media
1290,Swasta,Pensil Komunika,"Kavling rewulu Wetan No. 08A RT 04 RW 21, Sidokarto, Godean",,SLEMAN,Yogyakarta,D.11,D.11-Daerah Istimewa Yogyakarta,55564,0274-7830484,,,,wisnukumarapradhana@gmail.com,,,,,0,2015-04-27,,2020-12-04,,,,461.0,1.0,512000092,(+62) 8164221026,Pensil Komunika
1910,Swasta,Media Akademi,Ruko Jambusari 7A Yogyakarta 55283,,SLEMAN,Yogyakarta,D.11,D.11-Daerah Istimewa Yogyakarta,55283,0274-889398,,,0274-889057,info@mediaakademi.com,,,,,1,2015-07-09,,2020-12-04,,,,640.0,2.0,215000114,(62274)882262,Media Akademi
1976,Swasta,Yayasan Gloria,"Jl. FM. Noto 19, Kotabaru, Yogyakarta",Jl.f.m.noto 19 Kotabaru,Yogyakarta,Yogyakarta,D.11,D.11-Daerah Istimewa Yogyakarta,55224,0274-563627,,,,publisher@glorianet.org,,,,,0,2015-07-31,,2020-12-04,,,,682.0,2.0,112001721,(+62) 274563627,Yayasan Gloria 
1817,Swasta,Plantaxia,Ruko Jambusari 7A,Ruko Jambusari No. 7a Jalan Raya Candi Gebang,Yogyakarta,Yogyakarta,D.11,D.11-Daerah Istimewa Yogyakarta,55283,0274-889398,0274-882262,,0274-889057,info@grahailmu.co.id,,,,,0,2015-07-01,,2020-12-04,,,,1363.0,2.0,1014000134,(62274)882262,Graha Ilmu
3240,Swasta,Teknosain,"Ruko Jambusari 7A, Yogyakarta",Jalan Raya Candi Gebang,Yogyakarta,Yogyakarta,D.11,D.11-Daerah Istimewa Yogyakarta,55283,,,,,info@grahailmu.co.id,,,,,0,2016-01-06,,2020-12-04,,,,1363.0,,615000089,(62274)882262,Graha Ilmu
3245,Swasta,Psikosain,Ruko Jambusari 7A,Jalan Raya Candi Gebang,Yogyakarta,Yogyakarta,D.11,D.11-Daerah Istimewa Yogyakarta,55283,,,,,info@grahailmu.co.id,,,,,0,2016-01-06,,2020-12-04,,,,1363.0,1.0,615000084,(62274)882262,Graha Ilmu
3238,Swasta,Histokultura,Ruko Jambusari 7A,Jalan Raya Candi Gebang,Yogyakarta,Yogyakarta,D.11,D.11-Daerah Istimewa Yogyakarta,55283,,,,,info@grahailmu.co.id,,,,,0,2016-01-06,,2020-12-04,,,,1363.0,,615000088,(62274)882262,Graha Ilmu
7896,Swasta,Spektrum Nusantara,Ruko Jambusari 7A Yogyakarta 55283,Jalan Raya Candi Gebang,Yogyakarta,Yogyakarta,D.11,D.11-Daerah Istimewa Yogyakarta,55283,,,,,info@grahailmu.co.id,,,,,0,2017-09-04,,2020-12-04,,,,1363.0,,717000050,(0274)882262,Graha Ilmu
5028,Swasta,Pustaka Anak,Jl. Ruko Jambusari No. 7A,Jalan Raya Candi Gebang,Yogyakarta,Yogyakarta,D.11,D.11-Daerah Istimewa Yogyakarta,55283,0274-889839,0274-889398,,0274-889057,info@grahailmu.co.id,,,,,1,2016-08-25,,2020-12-04,,,,1363.0,1.0,112002215,274882262,Graha Ilmu
6549,Swasta,Suluh Media,Ruko Jambusari 7A,Jalan Raya Candi Gebang,Yogyakarta,Yogyakarta,D.11,D.11-Daerah Istimewa Yogyakarta,55283,,,,,"suluhmedia@yahoo.com, info@grahailmu.co.id",,,,,0,2017-03-16,,2020-12-04,,,,1363.0,1.0,1216000029,(6274)882262,Graha Ilmu
2360,Swasta,Media Grafika Utama,"Jl. Rambutan 4-6 Jambusari Indah, Sleman, Yogyakarta",Jl. Munggur 7 ,Yogyakarta,Yogyakarta,D.11,D.11-Daerah Istimewa Yogyakarta,55221,(0274) 7492265,(0274) 880748,(0274) 880030,(0274) 585374,medgraf@yahoo.com,,,,,0,2015-09-11,,2020-12-04,,,,793.0,1.0,117000101,81328408023,Media Grafika Utama
2296,Swasta,The Phinisi Press,"Jalan Mojo No. B3, Gejawan Wetan, Balecatur, Gamping, Sleman, Yogyakarta",,SLEMAN,Sleman,D.11,D.11-Daerah Istimewa Yogyakarta,55183,85292039650,,,,thephinisipress@yahoo.com,,,,,0,2015-09-09,,2020-12-04,,,,778.0,1.0,112001954,(+62) 85292039650,The Phinisi Press
3379,Swasta,Fakultas Farmasi Universitas Ahmad Dahlan,"Jl. Prof.Dr. Soepomo, Janturan, Yogyakarta","Jl. Prof. Dr. Soepomo, Janturan ",Yogyakarta,Yogyakarta,D.11,D.11-Daerah Istimewa Yogyakarta,,,,,,,,,,,0,,,2020-12-04,,,,200.0,2.0,512000031,62274 379418,Universitas Ahmad Dahlan Yogyakarta
6836,Pemerintah,Balai Penyelidikan dan Pengembangan Teknologi Kebencanaan Geologi,Jl. Cendana no. 15 Yogyakarta,Jl Cendana 15 Yogyakarta,Yogyakarta,Yogyakarta,D.11,D.11-Daerah Istimewa Yogyakarta,55166,-514404, +62-274-514180,,-563842,bpptkg@esdm.go.id,,,,,0,2017-07-18,,2020-12-04,,,,182.0,,1113000039,274514192,Kementerian Energi dan Sumber Daya Mineral Republik Indonesia
10541,Swasta,Galeri R.J.Katamsi ISI Yogyakarta,"Jl. Parangtritis KM 6.5, Sewon Bantul","Jl. Parangtritis Km. 6,5 Sewon Bantul",Yogyakarta,Bantul,D.11,D.11-Daerah Istimewa Yogyakarta,55001,,,,,galeriseniisiyk@gmail.com,,,,,0,2019-03-18,,2020-12-04,,,,496.0,,1118000106,(+62) 83867072303,Institut Seni Indonesia (ISI) Yogyakarta
6183,Pemerintah,Poltekkes Kemenkes Yogyakarta,"Jl. Tata Bumi No. 3, Banyuraden, Gamping, Sleman","Jl. Tatabumi No.3 Banyuraden, Gamping, Sleman",Yogyakarta,Gamping,D.11,D.11-Daerah Istimewa Yogyakarta,55293,0274 617601,,,,ichs@poltekkesjogja.ac.id,,,,,0,2017-07-12,,2020-12-04,,,,32.0,,515000133,(+62) 274617601,Kementerian Kesehatan RI
8776,Pemerintah,Pusat Kedokteran Herbal FK UGM,"Gd Radiopostro Lt. 2 Sayap Timur, Jl. Farmaki, Sekip Utara, Yogyakarta","l. Farmako, Sekip Utara, Yogyakarta 55281
Te",Yogyakarta,Yogyakarta,D.11,D.11-Daerah Istimewa Yogyakarta,55281,0274 6492491,0274 511103,,0274 511103,farmakofkugm@yahoo.com,,,,,0,2018-03-06,,2020-12-04,,,,84.0,,817000155,"62 274 6492491, 511103, Fax. (0274) 511103",Universitas Gadjah Mada
5807,Pemerintah,Program Studi Geofisika Universitas Gadjah Mada,"Jl. Sekip Utara Unit III FMIPA UGM, Yogyakarta",Sekip Utara Unit Iii,Yogyakarta,Yogyakarta,D.11,D.11-Daerah Istimewa Yogyakarta,55281,0274 545183,,,0274 545185,,,,,,0,,,2020-12-04,,,,84.0,,816000084,62274 545183,Universitas Gadjah Mada
4491,Swasta,Cahaya Atma Pustaka,Jl. Moses Gatotkaca 28 Yogyakarta,,SLEMAN,Yogyakarta,D.11,D.11-Daerah Istimewa Yogyakarta,55281,0274-561031,,,274580525,cahayaatma@gmail.com,,,,,0,2016-07-12,,2020-12-04,,,,109.0,,112002263,(+62) 274584145,Universitas Atma Jaya Yogyakarta
784,Swasta,STIE Multi Data Palembang,Jl. Rajawali No. 14 Palembang,Jl.Rajawali No. 14,Palembang,Palembang,D.07,D.07-Sumatera Selatan,30113,(0711) 376400,,,(0711) 376360,"kuliah@stie-mdp.ac.id, redaksi@stie-mdp.ac.id",,,,,1,2015-05-04,,2020-12-04,,,,262.0,,314000168,62 81377963699,STIE Multi Data Palembang
1041,Swasta,Tunas Gemilang Press,Perum Talang Kelapa Blok IV No. 4 Rt. 28 Rw. 07 Kec. Alang-Alang Lebar Palembang,Blok 4 No 4 Rt 28 Rw 07 Kec. Alang-alang Lebar ,Palembang ,Palembang,D.07,D.07-Sumatera Selatan,30154,0711-56465995,85273644075,,,"yusronmasduki@gmail.com, tunas_gemilang@ymail.com",,,,,0,2015-04-20,,2020-12-04,,,,383.0,1.0,512000240,(+62) 7115645995,Tunas Gemilang Press
4267,Pemerintah,Fakultas Kedokteran Universitas Sriwijaya,jl. Dr. Moh. Ali Komp RSMH Palembang,Jl. Dr. Moh Ali Komp. Rsmh,Palembang,Palembang,D.07,D.07-Sumatera Selatan,30126,711373438,,,711373438,fk.unsri.madang@gmail.com,,,,,0,2018-03-05,,2020-12-04,,,,794.0,,1216000075,(0711)352342,Universitas Sriwijaya
794,Swasta,Pustaka Idea,Jl. Bendulmerisi Gg.Sawah 2-A III Wonocolo Surabaya,,SURABAYA,Surabaya,D.13,D.13-Jawa Timur,60239,,,,,idea_pustaka@yahoo.co.id,,,,,0,2015-04-09,,2020-12-04,,,,271.0,,512000429,(+62) 818319175,Pustaka Idea
1392,Pemerintah,Universitas Negeri Malang,Jl.Semarang 5 Malang 65145,,MALANG,Malang,D.13,D.13-Jawa Timur,65145,(0341) 565979,,,(0341) 565979,humas@um.ac.id,,,,,0,2015-04-30,,2020-12-04,,,,511.0,1.0,614000111,341562391,Universitas Negeri Malang
9785,Pemerintah,Program Studi Pendidikan IPS Fakultas Ilmu Sosial Universitas Negeri Malang,"Jl. Semarang No.5 Kampus Universitas Negeri Malang Prodi Pendidikan IPS-FIS Kel. Sumbersari, Kec. Lowokwaru Kota Malang ",,MALANG,Malang,D.13,D.13-Jawa Timur,65145,85732432000,,,,agus.purnomo.fis@um.ac.id,,,,,0,2018-09-28,,2020-12-04,,,,511.0,,117000132,(0341)551312,Universitas Negeri Malang
884,Pemerintah,Airlangga University Press,"Kampus C UNAIR-Mulyorejo, Surabaya 60115",,SURABAYA,Surabaya,D.13,D.13-Jawa Timur,60115,031-5992246,,,031-5992248,aupsby@rad.net.id,,,,,1,2015-04-10,,2020-12-04,,,,120.0,,112001520,82233370786,Universitas Airlangga
4134,Pemerintah,Asosiasi Farmakologi dan Farmasi Veteriner Indonesia,Rungkut Barata XV/14 Surabaya,Jl. Mulyorejo Kampus C Unair,Surabaya,Surabaya,D.13,D.13-Jawa Timur,60293,031 8705165,,,031 8705165,ardiunair@gmail.com,,,,,0,2019-01-22,,2020-12-04,,,,120.0,,118000104,315992785,Universitas Airlangga
1169,Swasta,Sindikasi Indonesia,Jl. Ahmad yani No. 99 Kav. 5,Jln. A. Yani No. 99 ,Surabaya,Surabaya,D.13,D.13-Jawa Timur,60238,,,,,,,,,,0,2015-04-22,,2020-12-04,,,,415.0,1.0,514000070,81216301361,Sindikasi Indonesia
1277,Swasta,Dhaha Pustaka,Mico Print n Design,Jl. Bulusan Rt: 02 Rw: 06 Ds. Bulu Kecamatan Semen,Kediri,Kediri,D.13,D.13-Jawa Timur,64161,354774208,,,,micogmp@gmail.com,,,,,0,2015-04-27,,2020-12-04,,,,457.0,1.0,1213000126,354774208,Dhaha Pustaka
1824,Swasta,Alpha,Jl. Keputran V/23 Surabaya,,SURABAYA,Surabaya ,D.13,D.13-Jawa Timur,60265,(031) 5471226,031 5358634,85731945536,(031) 5327639,alpha_sby@yahoo.com,,,,,0,2015-07-02,,2020-12-04,,,,606.0,2.0,115000155,62315327639 / 085815101523,Alpha
2146,Swasta,Bojonegoro Bukuku Press,Jl. Kyai Mojo Gang Buyut Pani V,,BOJONEGORO,Bojonegoro,D.13,D.13-Jawa Timur,62115,085-63063498,,,,bojonegorobukuku@gmail.com,,,,,1,2015-08-19,,2020-12-04,,,,731.0,1.0,412000017,(+62) 82337067233,Bojonegoro Bukuku Press
2087,Swasta,Intimedia,"Wisma Kalimetro, Jl. Joyosuko Metro 42",,MALANG,Malang,D.13,D.13-Jawa Timur,65144,(0341) 573650,(0341) 7079957,,(0341) 573650,redaksi.intrans@gmail.com    intrans_malang@yahoo.com,,,,,0,2015-08-12,,2020-12-04,,,,722.0,1.0,612000305,(+62) 341573650,Intrans
2015,Swasta,Wineka Media,Jl. Danau Semayang C.2E-28 RT. 004 RW. 016 Malang 65139 ,,MALANG,Malang,D.13,D.13-Jawa Timur,65138,,,,,winekamedia@gmail.com,,,,,1,2015-08-04,,2020-12-04,,,,696.0,,1112000222,341711221,Wineka Media
2366,Swasta,MUHI Press,Lembaga Penerbitan SMA Muhammadiyah I Gresik  Jl. KH. Kholil 90 Gresik,,GRESIK,Gresik,D.13,D.13-Jawa Timur,62225,(031) 3981320,,,(031) 3991342,penerbitmuhipress@yahoo.co.id,,,,,0,2015-09-11,,2020-12-04,,,,796.0,2.0,712000065,(+62) 313981310,MUHI Press
2318,Swasta,Pustaka Bayan,Jl. Yulius Usman No. 55 Malang 65117,Jl. Yulius Usman no. 55,Malang,Malang,D.13,D.13-Jawa Timur,65117,,,,,,,,,,0,2015-09-09,,2020-12-04,,,,781.0,,912000242,,Pustaka Bayan
2874,Pemerintah,ITS Press,"Jl. Teknik Perkapalan Blok K-1, Kampus ITS Sukolilo, Surabaya",,SURABAYA,Surabaya,D.13,D.13-Jawa Timur,60111,031 5999490,,,031 5999490,itspress@its.ac.id,,,,,0,2015-11-10,,2020-12-04,,,,884.0,1.0,412000032,(+62) 315999490,Institut Teknologi Sepuluh November (ITS) Press
3625,Swasta,Lutfansah Mediatama,Jl. Darmokali I / 11  Surabaya ,Jl. Darmokali I/11 Surabaya,Surabaya,Surabaya,D.13,D.13-Jawa Timur,60241,(031) 5611263,,,,,,,,,0,2016-02-09,,2020-12-04,,,,1062.0,,1213000184,315611263,Lutfansah Mediatama
3348,Swasta,FKIP Universitas Muhammadiyah Sidoarjo,"Jl. Majapahit No. 666B, Kec Sidoarjo, Sidoarjo",Jl. Mojopahit 666 B Sidoarjo,Sidoarjo,Sidoarjo,D.13,D.13-Jawa Timur,61215,,,,,,,,,,0,2017-10-20,,2020-12-04,,,,812.0,2.0,314000149,318945444,Universitas Muhammadiyah Sidoarjo
3513,Swasta,Cakrawala Media Publisher,Perum. Bunul Asri Blok B-17  Malang  65123,Perum Bumi Asri 13-17,Malang,Malang,D.13,D.13-Jawa Timur,65123,(0341) 472588,,,,,,,,,0,2016-01-29,,2020-12-04,,,,1042.0,1.0,512000093,6341-9121088,Cakrawala Media Publisher
8621,Pemerintah,Program Studi Biologi FMIPA ITS,"Kampus ITS Sukolilo, Jl. AR. Hakim, Keputih, Sukolilo, Surabaya",Gedung H. Kampus ITS Sukolilo,Surabaya,Surabaya,D.13,D.13-Jawa Timur,60111,,,,,maulidina.n@gmail.com,,,,,0,2018-03-16,,2020-12-04,,,,1881.0,,314000057,6231 5963857,Institut Teknologi Surabaya
8069,Pemerintah,Fakultas Ekonomi Universitas Negeri Surabaya,Kampus UNESA,Jl. Ketintang ,Surabaya,Surabaya,D.13,D.13-Jawa Timur,,,,,,,,,,,0,2017-10-23,,2020-12-04,,,,790.0,,414000142,6231 8285362,Universitas Negeri Surabaya
7642,Pemerintah,Direktorat Hubungan Internasional Institut Teknologi Sepuluh Nopember,"Gedung Rektorat, Lantai 1, Kampus ITS Sukolilo, Surabaya",Jl. Raya ITS Keputih Sukolilo Keputih,Surabaya,Surabaya,D.13,D.13-Jawa Timur,60111,031 5994251,,,031 5923411,international@its.ac.id,,,,,0,,,2020-12-04,,,,971.0,,717000017,62231 5923411,Institut Teknologi Sebelas November Surabaya
7756,Swasta,Praktek Mandiri,Jl. K.S Tubun Gang Iro 5 Kadipaten Bojonegoro,,BOJONEGORO,Bojonegoro,D.13,D.13-Jawa Timur,62111,81332258669,,,,penerbitmajas@gmail.com,,,,,0,2017-08-25,,2020-12-04,,,,1766.0,,415000044,8159306584,Majas
8911,Pemerintah,"Program Studi Pendidikan IPA, Fakultas Ilmu Pendidikan, Universitas Trunojoyo Madura","Jalan Raya Telang PO BOX 2, Kamal, Bangkalan Madura","Jalan Raya Telang Po Box 2 Kamal, Bangkalan, Madura",Bangkalan,Madura,D.13,D.13-Jawa Timur,69162,,,,,senco.utm@gmail.com,,,,,0,2018-03-05,,2020-12-04,,,,159.0,,1017000089,(031)3011146,Universitas Trunojoyo Madura
8162,Swasta,Badan Penerbitan Universitas Widyagama Malang,"Jl. Borobudur 35, Malang",,MALANG,Malang,D.13,D.13-Jawa Timur,65128,0341 492282,,,0341 496919,perpustakaan@widyagama.ac.id,,,,,0,,,2020-12-04,,,,1822.0,,1113000010,341492282,Universitas Widyagama Malang
6185,Swasta,Unida Gontor Press,"Jl. Raya Siman Km 06, Ponorogo, Jawa Timur",,PONOROGO,Ponorogo,D.13,D.13-Jawa Timur,63471,,,,,press@unida.gontor.ac.id,,,,,0,2017-07-12,,2020-12-04,,,,491.0,,512000354,3523574562,Universitas Darussalam Gontor
7689,Swasta,Yayasan Pondok Pesantren An-Nur Ii Al-Murtadlo,Pondok Pesantren An-nur Ii Al Murtadlo malang,,MALANG,,D.13,D.13-Jawa Timur,65171,,,,,,,,,,0,2017-08-11,,2020-12-04,,,,1747.0,2.0,1016000056,(+62) 8125214321,Yayasan Pondok Pesantren An-Nur Ii Al-Murtadlo
4836,Swasta,Program Studi PPKn Universitas Kanjuruhan Malang,"Jl. S. Supriyadi No. 48, Malang",Jln. Sudanco Supriyadi No 48 Malang,Malang,Malang,D.13,D.13-Jawa Timur,65148,0341 801488,,,0341 831532,ppkn@unikama.ac.id,,,,,0,2016-08-11,,2020-12-04,,,,1245.0,,216000042,(+62) 81252558538,Universitas Kanjuruhan Malang
6671,Swasta,Anfaka Perdana,,Jl. Dinoyo Baru no. 16 ,Surabaya,Surabaya,D.13,D.13-Jawa Timur,60265,,,,,merliusbarat@yahoo.com,,,,,0,2017-04-05,,2020-12-04,,,,1365.0,,812000183,6231 5674956,Umbara Group
5089,Swasta,Karina,Jl. Dinoyo Baru No.1 ,Jl. Dinoyo Baru No.16,Surabaya,Surabaya,D.13,D.13-Jawa Timur,60265,031-5674956,,,031-5618655,,,,,,0,2016-09-20,,2020-12-04,,,,1365.0,,412000255,6231 5674956,Umbara Group
6413,Swasta,Fakultas Pendidikan Psikologi Universitas Negeri Malang,Jl. Semarang no. 5,,MALANG,Malang,D.13,D.13-Jawa Timur,65145,341551312,,,,,,,,,0,2017-03-13,,2020-12-04,,,,1535.0,,1014000151,341551312,Universitas Negeri Malang
4526,Swasta,Nizamia Learning Center,"Ruko Valencia AA-15 Gemurung, Gedangan, Sidoarjo",,SIDOARJO,Sidoarjo,D.13,D.13-Jawa Timur,61254,031-893874,,,,nizamiacenter@gmail.com,,,,,0,2016-07-15,,2020-12-04,,,,1302.0,2.0,215000074,318913874,Nizamia Learning Center
15887,Swasta,Program Studi Ilmu Al-Qur'an dan Tafsir IAIN Jember,"Jl. Mataram 01, Mangli, Kaliwates, Jember",,JEMBER,Jember,D.13,D.13-Jawa Timur,68136,,,,,iat.iainjember@gmail.com,,,,,0,2020-06-18,,2020-12-04,,,,2481.0,,719000108,(62331)487550,IAIN Jember
7672,Swasta,Kalam Media,Sidoarjo ruko valencia AA-15,Jl.A.H.Nasution No.46 A BTP Lantai 1 Zona III,Bandung,,D.13,D.13-Jawa Timur,,,,,,,,,,,0,2017-08-09,,2020-12-04,,,,1744.0,1.0,313000127,6222 7532536,Kalam Media
2046,Swasta,Usaha Putra Riau,Jl. Durian 201 D,Delima Ruko 1 Perumahan Villa Tamna Raya Raudah Pekanbaru,Pekanbaru,Pekanbaru,D.04,D.04-Riau,28291,(0761) 7057939,,,,,,,,,0,2015-08-06,,2020-12-04,,,,709.0,1.0,216000128,(+62) 822885190851,"Usaha Putra Riau, CV."
6380,Pemerintah,Kantor Wilayah Kementerian Agama Provinsi Riau,"Jl. Jend Sudirman, No. 235, Pekanbaru, Riau",Jl. Sudirman No. 235,Pekanbaru,Pekanbaru,D.04,D.04-Riau,28011,0761-24224,,,0761 26979,kanwilriau@kemenag.go.id,,,,,0,2017-03-30,,2020-12-04,,,,726.0,,112001013,(0761) 24224,Kementerian Agama Republik Indonesia
6380,Pemerintah,Kantor Wilayah Kementerian Agama Provinsi Riau,"Jl. Jend Sudirman, No. 235, Pekanbaru, Riau", Jl. Jend. Sudirman No. 235 ,Pekanbaru,Pekanbaru,D.04,D.04-Riau,28011,0761-24224,,,0761 26979,kanwilriau@kemenag.go.id,,,,,0,2017-03-30,,2020-12-04,,,,726.0,,1217000026,62761-24224  ,Kementerian Agama Republik Indonesia
2026,Pemerintah,Balai Konservasi Sumber Daya Alam Nusa Tenggara Barat,Jl. Majapahit 54B ,,MATARAM,Mataram,D.15,D.15-Nusa Tenggara Barat,83115,62370-627851,,,62370-633953,,,,,,0,2015-08-05,,2020-12-04,,,,27.0,1.0,1015000061,(0370)627851,Kementerian Kehutanan RI
3650,Swasta,Pustaka Larasan,Jln. Tukad Pakerisan XV / 7  Denpasar Bali,,DENPASAR,Denpasar,D.14,D.14-Bali,80116,(0361) 236974,817353433,,,pustaka_larasan@yahoo.co.id,,,,,0,2017-03-29,,2020-12-04,,,,1068.0,2.0,612000018,(+62) 62817353433,Pustaka Larasan
938,Swasta,Balai Arkeologi Sumatera Utara,"Jl. Seroja Raya Gg. Arkeologi No. 1, Medan Tuntungan, Medan","Jl. Seroja Raya Gang Arkeologi No. 1, Tanjung Selamat, Medan Tuntungan, Medan 20134",Medan, Medan,D.02,D.02-Sumatera Utara,20134,(061) 822 4365,(061) 822 4363,(061)  7786 651,(061) 822 4365 ,balar_sumut@budpar.go.id,,,,,0,2015-04-14,,2020-12-09,,,,342.0,,712000173,(061)8224365,Kementerian Kebudayaan dan Pariwisata 
1529,Pemerintah,USU Press,"Jalan Universitas No.9 Pusat Sistem Informasi (Gedung F), Kampus USU Medan",,MEDAN,Medan,D.02,D.02-Sumatera Utara,20155,618213737,,,618213737,usupress@usu.ac.id,,,,,1,2015-05-27,,2020-12-04,,,,515.0,2.0,1217000038,(+62) 8116263737,Universitas Sumatera Utara
2496,Swasta,Universitas HKBP Nommensen,Jl. Sutomo No. 4A Medan,Jl. Sutomo no. 4A PO. Box 1133,Medan,Medan,D.02,D.02-Sumatera Utara,20234,061-4522922,,,061-4571426,uhn@nommensen.org,,,,,1,2015-09-14,,2020-12-04,,,,822.0,,512000300,"6261 4522922, 4565635",Universitas HKBP Nommensen
1118,Swasta,Tinta Medina,Jl. Dr. Supomo No. 23 Solo,,SURAKARTA,Solo,D.12,D.12-Jawa Tengah,57141,,,,,,,,,,0,2015-04-21,,2020-12-04,,,,397.0,1.0,112002280,(+62) 271-714344 (Hunting),Tinta Medina
944,Swasta,Tiga Ananda,Jl. Dr. Supomo No. 23 Solo 57141,,SURAKARTA,Solo,D.12,D.12-Jawa Tengah,57141,(0271)714344,,,(0271)713607,tpsm@tigaserangkai.co.id,,,,,0,,,2020-12-28,,198406302019022016,192.168.10.104,634.0,1.0,112002279,271714344,Tiga Serangkai Pustaka Mandiri
1029,Swasta,Metamind,Jl. Dr. Supomo No.23 ,Jalan Dr. Supomo No. 23 ,Solo,Solo,D.12,D.12-Jawa Tengah,57141,,,,,,,,,,0,2015-04-17,,2020-12-04,,,,378.0,1.0,115000146,(+62) 271-714344 (Hunting),Metamind
756,Swasta,e-Media Solusindo,,"JL. Perum Klipang Pesona Asri 3 Blok.C No.6, Sendangmulyo, Tembalang",Semarang,,D.12,D.12-Jawa Tengah,,,,,,publisher@e-mediasolusindo.com,,,,,0,2015-04-09,,2020-12-04,,,,249.0,1.0,814000089,"62 24 33043820, 0817458182",e-Media Solusindo
920,Swasta,Universitas Katolik Soegijapranata,"Jalan Pawiyatan Luhur IV/1 Bendan Duwur, Semarang",,SEMARANG,Semarang,D.12,D.12-Jawa Tengah,50234,024-8316142,024-8441555,,"024-8415429, 8442265",penerbitan@unika.ac.id,,,,,0,2015-04-13,,2020-12-04,,,,248.0,,1012000013,248441555,Universitas Katolik Soegijapranata
1089,Swasta,Metagraf,"Jl. Dr. Supmo No. 23, Solo",,SURAKARTA,Solo,D.12,D.12-Jawa Tengah,57141,(0271)714344,,,(0271)713607,tspm@tigaserangkai.co.id,,,,,0,2015-04-21,,2020-12-04,,,,390.0,1.0,115000152,(+62) 271-714344 (Hunting) Ext. 135,Metagraf
1313,Swasta,Badan Penerbit Universitas Muria Kudus,"Jl. Kampus UMK, Gondangmanis, Bae, PO BOX 53 Kudus 59382",,KUDUS,Kudus,D.12,D.12-Jawa Tengah,59352,0291-438229,,,,penerbit@umk.ac.id,,,,,0,2015-04-28,,2020-12-04,,,,474.0,1.0,612000056,(0291)438229,Badan Penerbit Universitas Muria Kudus
1339,Swasta,Aqila,Jl. Dr. Supomo 23,,KARAWANG,,D.12,D.12-Jawa Tengah,41361,0271-714344,,,0271-713607,tspm@tigaserangkai.com,,,,,0,2015-04-28,,2020-12-04,,,,484.0,1.0,421000059,85282131352,Aqila
1283,Swasta,Lembaga Study dan Pengembangan Sosial Budaya,,,Bekasi,Purworejo,D.12,D.12-Jawa Tengah,,,,,,,,,,,0,2015-04-27,,2020-12-04,,,,459.0,1.0,612000406,,Lembaga Study dan Pengembangan Sosial Budaya
1434,Swasta,Platinum,Jl. Dr. Supomo 23 Solo,Jl. Sidikan Gg. Perdana UH VI/114B Tegalsari Sorosutan ,Yogyakarta,Solo,D.12,D.12-Jawa Tengah, ,027-714344,,,0271-713607,platinumpublisher.pmm@gmail.com,,,,,0,2015-05-07,,2020-12-04,,,,337.0,1.0,112001846,62274 383886 ,Tiga Serangkai
1946,Swasta,Fastindo,"Jl. Prof. Sudarto, LPPU II 12 A, Tembalang, Semarang",,SEMARANG,Semarang,D.12,D.12-Jawa Tengah,50275,,,,,fstindo@gmail.com,,,,,0,2015-07-29,,2020-12-04,,,,663.0,2.0,1112000071,(024)76480608,Fastindo
3949,Swasta,Need's Press,"Jatisari Permai Blok C 11 No. 6, Mijen - Semarang",Perum Jatisari Permai Blok C.11 NO.6 Mijen ,Semarang,Semarang,D.12,D.12-Jawa Tengah,,81325412790,,,,needspress@yahoo.co.id,,,,,0,2016-03-23,,2020-12-04,,,,1101.0,1.0,712000198,6224 76673357,Need's Press
8867,Pemerintah,UP3M STIKes Karya Husada Semarang,"Jl. Kompol R. Soekanto No. 46,Semarang (Gd A)",Jl. Kompol R. Soekanto No. 46 Semarang,Semarang,Semarang,D.12,D.12-Jawa Tengah,50276,024 6724581,,,,up3mstikeskh@yahoo.com,,,,,0,2018-03-16,,2020-12-04,,,,1924.0,,1117000077,(6224)6724581,STIKes Karya Husada Semarang
6796,Pemerintah,Fakultas Pertanian Universitas Sebelas Maret,"Jalan Ir. Sutami No.36A, Jebres, Surakarta, Kota Surakarta","Jl. Ir. Sutami 36 A, Kentingan, Jebres, Surakarta",Surakarta, Surakarta,D.12,D.12-Jawa Tengah,57126,+62 271 637457,,,,pertanian@uns.ac.id,,,,,0,2017-07-13,,2020-12-04,,,,241.0,,512000116,271663961,Universitas Sebelas Maret
8778,Pemerintah,Kelompok Studi Biodiversitas FMIPA UNS,"Jebres, Kota Surakarta, Jawa Tengah 57126",Jl. Ir. Sutami No. 36 A,Surakarta,Solo,D.12,D.12-Jawa Tengah,57126,(0271) 669376,,,,ksbiodiv@gmail.com,,,,,0,2018-03-06,,2020-12-04,,,,241.0,,1116000130,(+62) 81378946977,Universitas Sebelas Maret
7796,Swasta,Aksarra Sinergi Media,Jl. Kihajar Dewantoro po box 111 Klaten,,SURAKARTA,Surakarta,D.12,D.12-Jawa Tengah,57143,,,,,"intanpariwara1984@gmail.com, aksarra@yahoo.com",,,,,1,2017-08-24,,2020-12-04,,,,1077.0,,712000245,(0272)322441,Intan Pariwara
9675,Swasta,Politeknik Kesehatan Kemenkes Semarang,"Jl. Tirto Agung Pedalangan, Banyuamik",,SEMARANG,Semarang,D.12,D.12-Jawa Tengah,50268,(024)7477208,,,,perpustakaanpoltekkessmg@yahoo.com,,,,,0,2018-08-07,,2020-12-04,,,,433.0,,1116000018,(024)7477208,Kementerian Kesehatan Republik Indonesia (Kemenkes)
8589,Pemerintah,Program Pascasarjana IAIN Purwokerto,"Jl. Jend. A. Yani, No. 40A, Purwokerto",Jl. Jend. A. Yani No. 40 A,Purwokerto,Purwokerto,D.12,D.12-Jawa Tengah,53126,0281 535624,,,0281 636553,pps.iainpurwokerto@gmail.com,,,,,0,2018-03-09,,2020-12-04,,,,1862.0,,1216000067,(+62) 281635624,IAIN Purwokerto
8665,Pemerintah,Jurusan Ilmu Administrasi Negara FISIP UNSOED,"Jl. HR. Boenyamin No. 708, Grendeng, Purwokerto Utara, Kab. Banyumas, Jawa Tengah","Jl. HR Boenyamin No.708, Grendeng, Purwokerto Utara, Kabupaten Banyumas, Jawa Tengah",Purwokerto,Purwokerto,D.12,D.12-Jawa Tengah,53122,,,,,wahyupwt@yahoo.com,,,,,0,,,2020-12-04,,,,186.0,,1117000035,(+62) 281628034,Universitas Jenderal Soedirman
5468,Swasta,Born Win's Publishing,"Perum Griya Karya Sonorejo, Blok G No. 1 - Sonorejo-Sukoharjo",,SUKOHARJO,Sukoharjo,D.12,D.12-Jawa Tengah,57551,85647170005,,,,bornwin@yahoo.com,,,,,0,2016-11-08,,2020-12-04,,,,1482.0,1.0,312000253,(+62) 82226633717,Born Win's Publishing
4467,Swasta,Unnes Press,Jl. Kelud Raya No. 2 Semarang 50232 ,,SEMARANG,Semarang ,D.12,D.12-Jawa Tengah,50232,(024) 8415032,,,,unnespress@gmail.com,,,,,0,2016-06-20,,2020-12-04,,,,1283.0,,713000130,62248415032,Unnes Press
8214,Swasta,UPT Penerbitan Universitas PGRI Semarang Press,Balairung Lantai 2 Universitas Pgri Semarang,,SEMARANG,Semarang,D.12,D.12-Jawa Tengah,50125,,,,,upgrispress@gmail.com,,,,,0,2018-04-05,,2020-12-04,,,,1529.0,,912000189,85640369110,Universitas PGRI Semarang
7548,Pemerintah,FMIPA Universitas Negeri Semarang,Universitas Negeri Semarang Gd. D5 Lt.1 Kampus Sekaran,,SEMARANG,Semarang,D.12,D.12-Jawa Tengah,50229,,,,,mipa@unnes.ac.id,,,,,0,2017-07-26,,2020-12-04,,,,214.0,,712000006,81325501075,Universitas Negeri Semarang
3045,Pemerintah,Badan Penerbit UNM,"Jl. Landak Baru No.160, Banta-Bantaeng, Kec. Makassar",,MAKASSAR,Makassar,D.21,D.21-Sulawesi Selatan,90222,411855199,,,,info@unm.ac.id,,,,,0,2015-12-08,,2020-12-04,,,,925.0,2.0,412000058,(0411)855-199,Badan Penerbit UNM
3278,Pemerintah,Balai Penelitian Tanaman Serealia,Jl. Dr. Ratulangi No. 274 Kotak Pos 173 Maros,Jl. Dr. Ratulangi 274,Maros,Maros,D.21,D.21-Sulawesi Selatan,90514, 0411 - 318148,371529,, 0411 - 371961,acchmad@yahoo.com,,,,,0,2016-01-26,,2020-12-04,,,,341.0,,612000251,"62-411 371529, 371016",Kementerian Pertanian RI
11106,Pemerintah,Ficus Press,"Jl. Perintis Kemerdekaan KM. 10, Makassar",,MAKASSAR,Makassar,D.21,D.21-Sulawesi Selatan,90245,,,,,ficuspress.unhas@gmail.com,,,,,0,2019-05-06,,2020-12-04,,,,708.0,,1218000021,(+62) 82187974921,Universitas Hasanuddin
1023,Swasta,Imam Bonjol Press,"Jl. Prof. mahmud Yuus Lubuk Lintah, Padang",,PADANG,Sumatera Barat,D.03,D.03-Sumatera Barat,25153,(0751) 24435,,,(0751) 20923,ib_press@yahoo.co.id,,,,,0,2015-04-17,,2020-12-04,,,,374.0,1.0,1113000109,(+62) 75124435,Imam Bonjol Press
1254,Pemerintah,Minangkabau Press,"Fakultas Ilmu Budaya Universitas Andalas, Kampus Limau Manis, Padang",,PADANG,Padang,D.03,D.03-Sumatera Barat,25136,85263903352,,,,minangkabau_press@yahoo.com,Bahren,85263903352,,,1,2015-04-24,,2020-12-04,,,,443.0,2.0,1018000132,(+62) 85263903352,Minangkabau Press
1801,Swasta,Lembaga Kekerabatan Datuk Soda,Jl. Enim 4 Pakjo Palembang,jl. Enim 4 Pakjo Palembang 30137,Palembang,,D.03,D.03-Sumatera Barat,30137,,,,,abrahamilyas@nagari.or.id,,,,,0,2015-06-30,,2020-12-04,,,,599.0,2.0,814000115,8127802077,Lembaga Kekerabatan Datuk Soda
10894,Pemerintah,Fakultas Peternakan Universitas Andalas,Padang,Kampus Limau Manis,Padang,Padang,D.03,D.03-Sumatera Barat,25163,,,,,faterna@unand.ac.id,,,,,0,2019-03-19,,2020-12-04,,,,704.0,,112000926,(0751)71464,Universitas Andalas
1025,Swasta,Indepth Publishing,,Jl. Perintis Kemerdekaan No. 87 Tanjungkarang Timur,Bandar Lampung,,D.08,D.08-Lampung,,,,,,,,,,,0,2015-04-27,,2020-12-04,,,,375.0,1.0,612000240,81279604790,Indepth Publishing
1840,Pemerintah,Kantor Bahasa Provinsi Lampung,"Jalan Beringin II Nomor 40 Kompleks Gubernuran, Telukbetung","Jalan Beringin II No. 40 Kompleks Gubernuran, Telukbetung
",Bandar Lampung,Bandar Lampung,D.08,D.08-Lampung,35222,0721-486406,0721-486407,0721-480705,0721-486407,redaksikelasa@gmail.com,,,,,0,2015-07-02,,2020-12-04,,,,318.0,,1014000115,721486408,Kementerian Pendidikan dan Kebudayaan
10257,Pemerintah,Pusat Kajian Konstitusi dan Peraturan Perundang-undangan FH UNILA,"Jl. Prof.Dr. Ir. Soemantri Brojonegoro No. 1, Lampung","Jl. Soemantri Brodjonegoro No 1, Gedong Meneng",Bandar Lampung,Lampung,D.08,D.08-Lampung,35145,0721 709911,,,0721 704623,pkkpuufhunila@gmail.com,,,,,0,2019-01-16,,2020-12-04,,,,1487.0,,413000064,62721701609,Universitas Lampung
981,Swasta,Kantor Perwakilan Bank Indonesia Provinsi Kalimantan Timur,Jl. Gajah Mada No. 1 Samarinda ,Jl. Gajah Mada no. 1 ,Samarinda,Samarinda,D.19,D.19-Kalimantan Timur,75122,0541- 741022,0541- 741023,,,,,,,,1,2015-04-15,,2020-12-04,,,,86.0,1.0,514000135,62541 741022,Bank Indonesia
1977,Swasta,KP Books,Jalan Soekarno Hatta Km 3.5 Balikpapan,Kompleks Mahakam Square Jalan Untung Suropati Blok B No. 5A Sungai Kunjang Samarinda,Samarinda,Balikpapan,D.19,D.19-Kalimantan Timur,75125,0542-735359,0542-732158,,,,,,,,0,2015-07-31,,2020-12-04,,,,683.0,2.0,312000238,(+62) 816205637,KP Books
5953,Swasta,LPPM Unikarta Press,"Gd Lembaga Penelitian dan Pengabdian Kepada Masyarakat (LPPM) Universitas Kutai Kartanegara, Jl. Gunung Kombeng, No 27, Tenggarong",,KUTAI,Tenggarong,D.19,D.19-Kalimantan Timur,75512,0541 661822,,,,lemlitunikarta@yahoo.co.id,,,,,0,2017-01-20,,2020-12-04,,,,1501.0,,1116000051,(+62) 541661822,Universitas Kutai Kartanegara
1120,Swasta,Balai Penelitian Pertanian Lahan Rawa,"Jl. Kebun Karet, Loktabat, Banjarbaru",,BANJAR,Banjarbaru,D.17,D.17-Kalimantan Selatan,31,0511-4772534,,,0511-4772534,balittra@telkom.net,,,,,0,2015-04-21,,2020-12-04,,,,399.0,,121000033,81351399773,Balai Penelitian Pertanian Lahan Rawa
1697,Pemerintah,Antasari Press,"Jl. A. Yani KM. 4,5 Kebun Bunga Kec. Banjarmasin Timur ",,BANJARMASIN,Banjaramasin,D.17,D.17-Kalimantan Selatan,70235,0511-3252829,,,, penerbitantasaripress@gmail.com,,,,,0,,,2021-02-15,,198406302019022016,192.168.10.29,561.0,2.0,412000171,(0511)6773141,IAIN Antasari Press
4524,Swasta,Universitas Muhammadiyah Banjarmasin,Banjarmasin,Jl. S. parman Komp. Rumah Sakit Islam (RSIB) ,Banjarmasin,Banjarmasin,D.17,D.17-Kalimantan Selatan,70115,,,,,,,,,,0,2016-07-15,,2020-12-04,,,,1301.0,2.0,416000132,62511 3363002,Universitas Muhammadiyah Banjarmasin
16853,Swasta,Ahbab Pustaka,Jl. Pangeran Antasari Gg. 10 Harapan Rt 003/001 Kel. Pekapuran Raya,,BANJARMASIN,Banjarmasin,D.17,D.17-Kalimantan Selatan,70234,81522849787,,,,ahbabpustaka@gmail.com,,,,,0,2020-08-31,,2020-12-04,,,,2561.0,,720000079,(+62) 81545429650,Ahbab Pustaka
13879,Swasta,LPPM Universitas Putera Batam,"English Department Putera Batam University, Jl. R. Soeprapto-Tembesi-Batam, Prov Kepulauan Riau","Jl. R. Soeprapto, Tembesi, Batam",Batam,Batam,D.29,D.29-Kepulauan Riau,29439,0778 7001000,,,,jurnalbasis@gmail.com,,,,,0,,,2020-12-04,,,,1441.0,,818000083,(+62) 82391287111,Universitas Putera Batam
2069,Swasta,Planet Pink,Jln. P. Irian Jaya   Poso Kota,Jl. P. Irian Jaya,Poso,Poso,D.23,D.23-Sulawesi Tengah,94619,,,,,thyva_85@yahoo.com,,,,,0,2015-08-07,,2020-12-04,,,,716.0,1.0,712000257,(+62) 81341515310,Planet Pink
2753,Pemerintah,UNIB Press,Kampus B LPPM Universitas Bengkulu  Jl. W.R. Supratman Kandang Limun Bengkulu 38371,,BENGKULU,Bengkulu,D.06,D.06-Bengkulu,38371,,,,,lppm@unib.ac.id,,,,,0,,,2020-12-23,,198801182019022016,192.168.17.169,861.0,2.0,812000062,736342584,UNIB Press
2819,Pemerintah,Badan Pengelola Lingkungan Hidup Provinsi Papua,"Jl. raya Kotaraja, Ktr. Dinas Otonom Gedung B.  Lt. I  Jayapura",Kantor Dinas Otonomi Gedung B Latani Jl. Raya Abepura ,Papua,Jayapura,D.26,D.26-Papua,,,,,,,,,,,0,2015-11-03,,2020-12-04,,,,876.0,2.0,1214000004,0976 587694,Badan Pengelola Lingkungan Hidup Provinsi Papua
4618,Swasta,Yayasan Pengembangan Kesehatan Masyarakat (YPKM) Papua,"Jl. Ifaar no. 5 Abepura, Jayapura",Jl. Durian No. 3 Polimak IV,Jayapura,Jayapura,D.26,D.26-Papua,,(0967) 588284,,,,ypkm_papua@yahoo.com,,,,,0,2016-07-26,,2020-12-04,,,,1307.0,2.0,413000197,62 967 532239,Yayasan Pengembangan Kesehatan Masyarakat (YPKM) Papua
2980,Swasta,Komunika,Jl. Kendari Permai YI / 18 Kendari,,KENDARI,Kendari,D.22,D.22-Sulawesi Tenggara,93213,(0401) 3196815,,,,fri@journalist.com,,,,,0,2015-11-27,,2020-12-04,,,,917.0,1.0,512000291,62811487008,Komunika
7407,Pemerintah,Lembaga Pengembangan Sistem Informasi Universitas Halu Oleo,Gedung Rektoral Lt. 2,JL. HAE Mokodompit No. 1,Kendari,Kendari,D.22,D.22-Sulawesi Tenggara,93232,,,,,,,,,,0,,,2020-12-04,,,,765.0,,417000033,8114092584,Universitas Halu Oleo
